Автор,Название книги,Тип,Год озвучки,Хроно,Сборник,не трогать!!! Только для редактора,Ссылка на работу в Вконтакте
КИНГ СТИВЕН,1408,рассказ,2009,2:02:49,,47397685,Ссылка на работу в вКонтакте
КИНГ СТИВЕН,1922,повесть,2014,6:07:23,,47397226,Ссылка на работу в вКонтакте
ХЕНСЛИ ДЖО Л.,...И не совсем люди,рассказ,2010,0:23:05,Тёмные аллеи №14,47402953,Ссылка на работу в вКонтакте
ГОВАРД РОБЕРТ,...Delenda Est,рассказ,2014,0:19:34,Говард Роберт - Сборник рассказов,49155802,Ссылка на работу в вКонтакте
ДИБРОВА ПАВЕЛ,13 часов,рассказ,2017,0:14:12,Павел К. Диброва - Рассказы,49714485,Ссылка на работу в вКонтакте
НИКИФОРОВ ЮРИЙ,9 аудио-секретов успешного бизнеса!,блог,2016,2:21:51,,48630116,Ссылка на работу в вКонтакте
КЛАРК АРТУР,Девять миллиардов имён Бога,рассказ,2015,0:17:42,Созвездие Льва,50095810,Ссылка на работу в вКонтакте
РАССЕЛ ЭРИК ФРЭНК,Абракадабра,рассказ,2019,0:40:48,Созвездие Льва 4,54717929,Ссылка на работу в вКонтакте
КИНГ СТИВЕН,Автобус - это другой мир,рассказ,2014,0:21:26,Тёмные аллеи Новое и неизданное,49672840,Ссылка на работу в вКонтакте
МАТЕСОН РИЧАРД,Адский дом,роман,2017,9:58:50,,47401390,Ссылка на работу в вКонтакте
БУЛДАКОВ ОЛЕГ,Азирлар,рассказ,2015,0:11:22,ОЛЕГ БУЛДАКОВ - Трамвайный лев,50316084,Ссылка на работу в вКонтакте
ЛАВКРАФТ ГОВАРД Ф.,Алхимик,рассказ,2008,0:27:19,Тёмные аллеи №05,47402761,Ссылка на работу в вКонтакте
СЕМЯШКИН АЛЕКСЕЙ,Альтернатива,рассказ,2011,0:12:53,Тёмные аллеи №16,47402994,Ссылка на работу в вКонтакте
ПАВЛОВ СЕРГЕЙ,"Амазония, ярданг восточный",рассказ,2011,1:06:38,Тёмные аллеи №16,47402994,Ссылка на работу в вКонтакте
ДИБРОВА ПАВЕЛ,Американец и скинхед,рассказ,2017,0:06:26,Сборник рассказов Лец-тас-ки,47401448,Ссылка на работу в вКонтакте
ПАРФЕНОВ М.С.,Ампутация,рассказ,2007,0:12:06,Тёмные аллеи №01,47402705,Ссылка на работу в вКонтакте
СЫРЦОВА АННА,Аналог,рассказ,2011,0:19:39,Тёмные аллеи №19,47403053,Ссылка на работу в вКонтакте
БУЛАТНИКОВА ДАРЬЯ,"Ангел Ди, или Я люблю Смерть",рассказ,2011,0:29:14,Тёмные аллеи №18,47403039,Ссылка на работу в вКонтакте
АНДРЕЕВ ЛЕОНИД,Ангелочек,рассказ,2017,0:32:10,,47397697,Ссылка на работу в вКонтакте
МАСТЕРТОН ГРЭМ,Анти-Клаус,рассказ,2016,0:55:09,Пять вечеров 1: В снегах,50793544,Ссылка на работу в вКонтакте
ВЕЛКОРД АРТЁМ,Аргентинец,рассказ,2009,0:15:55,Велкорд Артём - Рассказы,47403558,Ссылка на работу в вКонтакте
БРАУН ФРЕДЕРИК,Армагеддон,рассказ,2016,0:13:21,Созвездие Льва 2. Всадники апокалипсиса,51326204,Ссылка на работу в вКонтакте
ДАШУК АЛЁНА,Аскет,рассказ,2011,0:36:47,Тёмные аллеи №19,47403053,Ссылка на работу в вКонтакте
БУДНИЦКИЙ ЯКОВ,Аттракцион,рассказ,2009,0:26:52,Тёмные аллеи №07,47402805,Ссылка на работу в вКонтакте
КИНГ СТИВЕН,Аяна,рассказ,2014,0:41:25,Тёмные аллеи Новое и неизданное,49672840,Ссылка на работу в вКонтакте
КИНГ СТИВЕН,Бабуля,рассказ,2015,1:28:06,Команда скелетов,49866622,Ссылка на работу в вКонтакте
КОВАЛЬ-СУХОРУКОВА ЛАРИСА,Бал хризантем,рассказ,2009,0:05:01,Сказки для больших и маленьких,47392034,Ссылка на работу в вКонтакте
КИНГ СТИВЕН,Баллада о гибкой пуле,рассказ,2009,2:25:05,Команда скелетов,49866622,Ссылка на работу в вКонтакте
ПАВЛОВ СЕРГЕЙ,Банка фруктового сока,рассказ,2011,0:33:25,Тёмные аллеи №16,47402994,Ссылка на работу в вКонтакте
ГАМАЮНОВ ЕФИМ,Батарейка,рассказ,2009,0:24:25,Тёмные аллеи №11,47402888,Ссылка на работу в вКонтакте
ЭЛЛИСОН ХАРЛАН,Бегство к звёздам,рассказ,2019,1:46:45,Созвездие Льва 4,54717929,Ссылка на работу в вКонтакте
ЛАВКРАФТ ГОВАРД Ф.,Безымянный город,рассказ,2015,0:45:28,Тёмные аллеи 2.0 Тёмные звёзды,49780142,Ссылка на работу в вКонтакте
МАТУСОВСКАЯ АННА,Белочка,рассказ,2009,0:02:25,Сказки для больших и маленьких,47392034,Ссылка на работу в вКонтакте
МЕЙЧЕН АРТУР,Белые люди,рассказ,2015,1:46:18,Тёмные аллеи 2.0 Тёмные звёзды,49780142,Ссылка на работу в вКонтакте
ШОРИН ДЭН,Белый волк из прессованного пластика,рассказ,2010,0:21:14,Тёмные аллеи №12,47402904,Ссылка на работу в вКонтакте
ЛАВКРАФТ ГОВАРД Ф.,Белый корабль,рассказ,2016,0:23:23,Тёмные аллеи 2.2 Ктулху и аколиты,51789137,Ссылка на работу в вКонтакте
ЧЕРКАШИНА ИРИНА,Берега неведомых земель,рассказ,2015,1:12:33,Южная пристань,49804568,Ссылка на работу в вКонтакте
ЛИГОТТИ ТОМАС,Беседы на мёртвом языке,рассказ,2017,0:34:03,,48300378,Ссылка на работу в вКонтакте
ГОВАРД РОБЕРТ,Беспокойные воды,рассказ,2014,0:16:32,Говард Роберт - Сборник рассказов,49155802,Ссылка на работу в вКонтакте
СЭРРЭНТОНИО ЭЛ,Бечевка-бесовка,рассказ,2008,0:18:29,Тёмные аллеи №01,47402705,Ссылка на работу в вКонтакте
КОВАЛЬ НИКИТА,Бинокль,рассказ,2016,0:55:45,Тёмные аллеи №23. Russian edition,49839574,Ссылка на работу в вКонтакте
КЛЕЙН ЖЕРАР,Боги войны,повесть,2017,7:25:05,,47401940,Ссылка на работу в вКонтакте
КИНГ СТИВЕН,Большие колеса: забавы парней из прачечной (Молочник № 2),рассказ,2015,0:41:40,Команда скелетов,49866622,Ссылка на работу в вКонтакте
МАТЕСОН РИЧАРД,Большой сюрприз,рассказ,2017,0:19:30,Тёмные аллеи 2.4 Удиви меня!,50155796,Ссылка на работу в вКонтакте
ЛЕЩУК ВИКТОРИЯ,Бранимар и Верелада,рассказ,2009,0:06:30,Сказки для больших и маленьких,47392034,Ссылка на работу в вКонтакте
БРЭДБЕРИ РЭЙ,Будет ласковый дождь,рассказ,2008,0:19:24,Тёмные аллеи №05,47402761,Ссылка на работу в вКонтакте
ШОРИН ДЭН,Бутылочка профессора Клейна,рассказ,2010,0:31:40,Южная пристань,47391962,Ссылка на работу в вКонтакте
ВОЛОШУН ПОЛИНА,В гробу лежать было неудобно,рассказ,2009,0:12:59,Тёмные аллеи №10,47402860,Ссылка на работу в вКонтакте
МАРУЯМА КЭНДЗИ,В небе снова радуга,рассказ,2013,1:00:04,Причуды жизни,47392029,Ссылка на работу в вКонтакте
КАРЯКИН ПЁТР,В окопе нас было двое,стихи,2014,0:03:13,Пётр Карякин - В окопе нас было двое,49714258,Ссылка на работу в вКонтакте
МЕЛЬНИК АЛЕКСЕЙ,В плену у Мортис,рассказ,2009,0:22:04,,47403543,Ссылка на работу в вКонтакте
САЛЬНИКОВА НАТАЛЬЯ,В поисках мечты,рассказ,2010,0:19:46,Тёмные аллеи №15,47402963,Ссылка на работу в вКонтакте
СЫРЦОВА АННА,В поиске похищенных секунд,рассказ,2010,0:22:07,Южная пристань,47391962,Ссылка на работу в вКонтакте
ЯНГ РОБЕРТ,В сентябре тридцать дней,рассказ,2017,0:47:25,Созвездие Льва 3. Приход ночи (часть 2),49963352,Ссылка на работу в вКонтакте
ДАНСЕНИ ЛОРД,В тёмной комнате,рассказ,2017,0:11:48,Тёмные аллеи 2.4 Удиви меня!,50155796,Ссылка на работу в вКонтакте
АКУТАГАВА РЮНОСКЭ,В чаще,рассказ,2013,0:25:06,Причуды жизни,47392029,Ссылка на работу в вКонтакте
ЛЕЙБЕР ФРИЦ,Ведро воздуха,рассказ,2016,0:26:45,Созвездие Льва 2. Всадники апокалипсиса,51326204,Ссылка на работу в вКонтакте
МЕЙЧЕН АРТУР,Великий бог Пан,рассказ,,0:00:00,Тёмные аллеи 2.3 Аколиты и Ктулху,49828877,Ссылка на работу в вКонтакте
БРЭДБЕРИ РЭЙ,Вельд,рассказ,2015,0:33:06,Созвездие Льва,50095810,Ссылка на работу в вКонтакте
БЛЭКВУД ЭЛДЖЕРОН,Вендиго,рассказ,2019,2:46:34,Тёмные аллеи 2.3 Аколиты и Ктулху,49828877,Ссылка на работу в вКонтакте
КЁРКИ ЛАВИНА,Вернуться назад,рассказ,2008,0:21:03,Тёмные аллеи №03,47402740,Ссылка на работу в вКонтакте
ШАТИЛОВ ДМИТРИЙ,Вертен Ю и Забытая Армия,рассказ,2016,1:08:05,,47401492,Ссылка на работу в вКонтакте
СИТНИКОВ ИВАН,Весёлые человечки,рассказ,2018,0:43:18,,49889240,Ссылка на работу в вКонтакте
КОЛЬЕР ДЖОН,Вечерняя примула,рассказ,2015,0:30:40,Тёмные аллеи 2.0 Тёмные звёзды,49780142,Ссылка на работу в вКонтакте
ЛЕББОН ТИМ,Вечность,рассказ,2017,1:10:53,Пять вечеров 3: Магия,47401805,Ссылка на работу в вКонтакте
ЛИСТЬЕВА ВИКТОРИЯ,Вечный зов,рассказ,2009,0:08:38,Тёмные аллеи №07,47402805,Ссылка на работу в вКонтакте
ТЕПЛЯКОВ АНДРЕЙ,Взвешенное решение,рассказ,2009,0:24:01,Тёмные аллеи №07,47402805,Ссылка на работу в вКонтакте
КЛЮЧНИКОВ ВЛАДИМИР,Взятка,рассказ,2017,0:15:51,Владимир Ключников - Рассказы,49685149,Ссылка на работу в вКонтакте
СЫРЦОВА АННА,Вилена,рассказ,2009,0:17:34,Тёмные аллеи №09,47402841,Ссылка на работу в вКонтакте
ДИК ФИЛИП,Вкус Уаба,рассказ,2015,0:15:07,Созвездие Льва,50095810,Ссылка на работу в вКонтакте
"ЛАВКРАФТ ГОВАРД, ХЕЛД ХЕЗЕЛ",Вне времени,рассказ,2018,1:07:47,Манускрипты Аркхэма,47405165,Ссылка на работу в вКонтакте
БАРКЕР КЛАЙВ,Во плоти,рассказ,2018,2:25:04,Манускрипты Аркхэма,47405165,Ссылка на работу в вКонтакте
КИНГ СТИВЕН,Возвратившийся Кайн,рассказ,2013,0:15:45,Команда скелетов,49866622,Ссылка на работу в вКонтакте
ДАНСЕНИ ЛОРД,Возвращение,рассказ,2016,0:20:28,Пять вечеров 2: Призраки,51939372,Ссылка на работу в вКонтакте
СНЕГОВА СВЕТЛАНА,Возвращение,рассказ,2010,0:14:45,Тёмные аллеи №15,47402963,Ссылка на работу в вКонтакте
РЕЗНИК МАЙК,Возвращение домой,рассказ,2017,0:48:45,Созвездие Льва 3. Приход ночи (часть 1),47401419,Ссылка на работу в вКонтакте
СМИТ ЭШТОН КЛАРК,Возвращение чародея,рассказ,2019,0:00:00,Тёмные аллеи 2.3 Аколиты и Ктулху,49828877,Ссылка на работу в вКонтакте
ВОННЕГУТ КУРТ,Воздвигни пышные чертоги,рассказ,2019,0:26:53,ГЛУБИНА КУРТ ВОННЕГУТ - Танасфера,54730832,Ссылка на работу в вКонтакте
ПЕКЕРСКИЙ АЛЕКСАНДР,Война - штука жестокая…,рассказ,2013,0:12:19,На задворках галактики,47458093,Ссылка на работу в вКонтакте
МЬЕВИЛЬ ЧАЙНА,Вокзал потерянных снов,роман,2013,27:58:54,,47397240,Ссылка на работу в вКонтакте
ГЛЕБОВА УЛЬЯНА,Волк свинье не товарищ,рассказ,2009,0:17:43,Тёмные аллеи №09,47402841,Ссылка на работу в вКонтакте
ГУМЕРОВ АЛЬБЕРТ,Волки да вороны,рассказ,2011,0:31:49,Тёмные аллеи №18,47403039,Ссылка на работу в вКонтакте
ЯСУСИ ИНОУЭ,Волнистый попугайчик,рассказ,2015,0:14:44,Сад опавших листьев,49982920,Ссылка на работу в вКонтакте
АБЭ КОБО,Волшебный мелок,рассказ,2018,0:29:42,Смерть в середине лета,50034017,Ссылка на работу в вКонтакте
ПО ЭДГАР,Ворон,рассказ,2018,0:09:25,Манускрипты Аркхэма,47405165,Ссылка на работу в вКонтакте
ПО ЭДГАР АЛАН,Ворон,рассказ,2015,0:09:25,,49828877,Ссылка на работу в вКонтакте
АКУТАГАВА РЮНОСКЭ,Ворота Расёмон,рассказ,2016,0:18:51,Адамово яблоко,47401517,Ссылка на работу в вКонтакте
КИНГ СТИВЕН,Воспарение,повесть,2018,2:57:02,,49214345,Ссылка на работу в вКонтакте
ДОЙЛ АРТУР КОНАН,Вот как это было,рассказ,2016,0:09:36,Конан Дойль - Рассказы,49215543,Ссылка на работу в вКонтакте
ШОЛОХОВ АЛЕКСЕЙ,Время умирать,рассказ,2010,0:21:21,Тёмные аллеи №15,47402963,Ссылка на работу в вКонтакте
КИНГ СТИВЕН,Всемогущий текст-процессор,рассказ,2009,1:00:00,Команда скелетов,49866622,Ссылка на работу в вКонтакте
БЭНКС ИЭН,Вспомни о Флебе,роман,2018,20:44:47,,47397736,Ссылка на работу в вКонтакте
ВЕСЕЛОВ АЛЕКСЕЙ,Вторая жизнь,рассказ,2009,0:13:36,Тёмные аллеи №07,47402805,Ссылка на работу в вКонтакте
ДИК ФИЛИП,Вторая модель,рассказ,2011,1:51:39,Тёмные аллеи №17,47403015,Ссылка на работу в вКонтакте
КИНГ СТИВЕН,Газонокосильщик,рассказ,2014,0:24:48,Ночная смена,47401704,Ссылка на работу в вКонтакте
КИНГ СТИВЕН,Газонокосильщик,рассказ,2008,0:37:04,Тёмные аллеи №01,47402705,Ссылка на работу в вКонтакте
БЕЛОГЛАЗОВ АРТЁМ,Гарный хлопец Иванко и опыряки,рассказ,2010,0:35:56,Тёмные аллеи №15,47402963,Ссылка на работу в вКонтакте
БОР АЛЕКС,"Где-то там, на окраине...",рассказ,2011,0:20:50,Тёмные аллеи №18,47403039,Ссылка на работу в вКонтакте
БОЛДЫРЕВА НАТАЛЬЯ,Генератор случайных чисел,рассказ,2011,0:25:06,Тёмные аллеи №19,47403053,Ссылка на работу в вКонтакте
МАРКЕЛОВА НАТАЛЬЯ,Герой,рассказ,2008,0:17:08,Тёмные аллеи №04,47402754,Ссылка на работу в вКонтакте
КИНГ СТИВЕН,Глаза дракона,роман,2012,8:52:02,,47397318,Ссылка на работу в вКонтакте
БЛИЗНЕЦОВ ВЛАДИМИР,Глиняные ноги,рассказ,2011,0:21:52,Тёмные аллеи №19,47403053,Ссылка на работу в вКонтакте
БУЛАТНИКОВА ДАРЬЯ,"Гном, свалившийся с ёлки",рассказ,2012,0:16:38,Новогодние чудеса на аллеях,47392014,Ссылка на работу в вКонтакте
БУЛДАКОВ ОЛЕГ,Год кро-кто-лика,рассказ,2015,0:04:19,ОЛЕГ БУЛДАКОВ - Трамвайный лев,50316084,Ссылка на работу в вКонтакте
МИТЧЕЛЛ ДЭВИД,Голодный дом,роман,2019,8:15:19,,53016370,Ссылка на работу в вКонтакте
ГОВАРД РОБЕРТ,Голуби из ада,рассказ,2014,1:15:39,Говард Роберт - Сборник рассказов,49155802,Ссылка на работу в вКонтакте
ЮЖНАЯ ЮСТИНА,Голубое стёклышко,рассказ,2012,0:42:22,Тёмные аллеи №20,47403059,Ссылка на работу в вКонтакте
РЕЙНОЛЬДС АЛАСТЕР,Голубой период Займы,рассказ,2019,1:05:39,Созвездие Льва 4,54717929,Ссылка на работу в вКонтакте
БРЭДБЕРИ РЭЙ,Гонец,рассказ,2018,0:22:59,Манускрипты Аркхэма,47405165,Ссылка на работу в вКонтакте
ГОВАРД РОБЕРТ,Гончие смерти,рассказ,2014,1:19:39,Говард Роберт - Сборник рассказов,49155802,Ссылка на работу в вКонтакте
СКОРОБОГАТОВ АНДРЕЙ,Город в голове,рассказ,2011,0:20:01,Тёмные аллеи №19,47403053,Ссылка на работу в вКонтакте
МОЛОТОВ ВЛАДИМИР,Город детства,рассказ,2011,0:26:12,Тёмные аллеи №18,47403039,Ссылка на работу в вКонтакте
РАЙТ ДЖОН,Гостевой закон,рассказ,2017,нет ещё,Созвездие Льва 3. Приход ночи (часть 2),49963352,Ссылка на работу в вКонтакте
АНДЕРСОН ПОЛ,Государственная измена,рассказ,2017,0:41:15,Созвездие Льва 3. Приход ночи (часть 2),49963352,Ссылка на работу в вКонтакте
"ЧЕКМАЕВ СЕРГЕЙ, ГОССЕН ПАУЛЬ",Готик-блюз,рассказ,2009,0:32:02,Тёмные аллеи №09,47402841,Ссылка на работу в вКонтакте
ПОЛИЩУК ЯКОВ,Граната,рассказ,2009,0:04:11,Сказки для больших и маленьких,47392034,Ссылка на работу в вКонтакте
ATLAS,Граница миров,рассказ,2015,0:08:38,ATLAS - Рассказы,50296392,Ссылка на работу в вКонтакте
БРОТИГАН РИЧАРД,Грёзы о Вавилоне,роман,2017,4:20:03,,47391867,Ссылка на работу в вКонтакте
КИНГ СТИВЕН,Грузовик дяди Отто,рассказ,2015,0:53:55,Команда скелетов,49866622,Ссылка на работу в вКонтакте
КИНГ СТИВЕН,Грузовики,рассказ,2011,0:46:13,Ночная смена,47401704,Ссылка на работу в вКонтакте
РАМПО ЭДОГАВА,Гусеница,рассказ,2018,0:39:50,Смерть в середине лета,50034017,Ссылка на работу в вКонтакте
ЛАВКРАФТ ГОВАРД Ф.,Дагон,рассказ,2008,0:25:09,Тёмные аллеи №04,47402754,Ссылка на работу в вКонтакте
ВАНДЕРМЕЕР ДЖЕФФ,Дарден влюблённый,роман,2017,3:18:10,,47401434,Ссылка на работу в вКонтакте
БОЛДЫРЕВА НАТАЛЬЯ,Два сердца Дио,фрагмент,2013,0:10:12,Проект Миры фрагменты к книгам,47391984,Ссылка на работу в вКонтакте
РУСАНОВ СЕРГЕЙ,Двое,рассказ,2009,0:17:14,Тёмные аллеи №09,47402841,Ссылка на работу в вКонтакте
КЛАРК АРТУР,Двое в космосе,рассказ,2010,0:40:02,Тёмные аллеи №14,47402953,Ссылка на работу в вКонтакте
ЧЕРЕПАНОВ МАКС,Двое в поле,рассказ,2009,0:21:40,Тёмные аллеи №11,47402888,Ссылка на работу в вКонтакте
БЛЭКВУД ЭЛДЖЕРОН,Двойник,рассказ,2015,0:53:16,Тёмные аллеи 2.0 Тёмные звёзды,49780142,Ссылка на работу в вКонтакте
ОСТРОВСКАЯ ТАТЬЯНА,Дворняга,рассказ,2009,0:03:15,Сказки для больших и маленьких,47392034,Ссылка на работу в вКонтакте
ЁКО ОГАВА,Девочка за вышиванием,рассказ,2015,0:35:10,Сад опавших листьев,49982920,Ссылка на работу в вКонтакте
КАПИНОС СВЕТЛАНА,Девочка и звезда,рассказ,2009,0:10:27,Сказки для больших и маленьких,47392034,Ссылка на работу в вКонтакте
БУЛДАКОВ ОЛЕГ,Девочка и лев,рассказ,2015,0:10:08,ОЛЕГ БУЛДАКОВ - Трамвайный лев,50316084,Ссылка на работу в вКонтакте
ЦУРКАН ВАЛЕРИЙ,Девочка и облако,рассказ,2009,0:05:51,Сказки для больших и маленьких,47392034,Ссылка на работу в вКонтакте
СИБИРЯКОВ АНТОН,"Девочка, победившая волка",рассказ,2017,0:47:37,Тёмные аллеи №23. Russian edition,49839574,Ссылка на работу в вКонтакте
ДАНИЛОВ ПАВЕЛ,Девушка в бочке,роман,2017,,в озвучке,,Ссылка на работу в вКонтакте
ХИДЭЮКИ КИКУТИ,Девушка-тень,рассказ,2016,1:32:36,Пять вечеров 2: Призраки,51939372,Ссылка на работу в вКонтакте
ШЕКЛИ РОБЕРТ,Девушки и Наджент Миллер,рассказ,2016,0:31:13,Созвездие Льва 2. Всадники апокалипсиса,51326204,Ссылка на работу в вКонтакте
ГАЛЬЦОВ МИХАИЛ,Девятая жизнь,рассказ,2018,0:24:34,Памяти замечательных людей,49928114,Ссылка на работу в вКонтакте
АСТАХОВА ЛЮДМИЛА,Дежурный,рассказ,2009,0:13:28,Тёмные аллеи №10,47402860,Ссылка на работу в вКонтакте
СИМАДА МАСАХИКО,Дельфин в пустыне,рассказ,2013,0:45:59,Причуды жизни,47392029,Ссылка на работу в вКонтакте
КОННОЛЛИ ДЖОН,Демон мистера Петтингера,рассказ,2018,0:32:42,Ночные легенды,54438257,Ссылка на работу в вКонтакте
ХЬЮМАН ДЭМИ,Демон страниц,рассказ,2017,0:21:53,Тёмные аллеи №23. Russian edition,49839574,Ссылка на работу в вКонтакте
РАЙТ КРИС,Демонология,рассказ,2019,0:48:48,WARHAMMER 40000,54712986,Ссылка на работу в вКонтакте
ДИБРОВА ПАВЕЛ,ДемоНтиваторы,роман,2017,12:13:35,,47401622,Ссылка на работу в вКонтакте
ДЕЛЬКИН АНДРЕЙ,День Святого Валентина,рассказ,2009,0:18:00,Тёмные аллеи №07,47402805,Ссылка на работу в вКонтакте
МЬЕВИЛЬ ЧАЙНА,Детали,рассказ,2014,0:38:37,Тёмные аллеи Новое и неизданное,49672840,Ссылка на работу в вКонтакте
ЦУРКАН ВАЛЕРИЙ,Дети Авеля,рассказ,2010,0:23:51,Тёмные аллеи №13,47402919,Ссылка на работу в вКонтакте
ГЕЙМАН НИЛ,Дети Ананси,роман,2015,11:17:33,,49365754,Ссылка на работу в вКонтакте
ГАМБУРГ ЕВГЕНИЙ,Дети Дегремоны,рассказ,2008,0:18:33,Тёмные аллеи №01,47402705,Ссылка на работу в вКонтакте
КИНГ СТИВЕН,Дети кукурузы,рассказ,2009,1:15:52,Ночная смена,47401704,Ссылка на работу в вКонтакте
БУЛДАКОВ ОЛЕГ,Детки в клетках,рассказ,2015,0:05:29,ОЛЕГ БУЛДАКОВ - Трамвайный лев,50316084,Ссылка на работу в вКонтакте
ЭЛЛИСОН ХАРЛАН,Джеффти пять лет,рассказ,2015,0:54:36,Созвездие Льва,50095810,Ссылка на работу в вКонтакте
ГИБСОН УИЛЬЯМ,Джонни Мнемоник,рассказ,2011,0:56:45,Тёмные аллеи №17,47403015,Ссылка на работу в вКонтакте
ЛАУМЕР КИТ,Динохромный,рассказ,2009,0:49:51,Лаумер Кит - Рассказы,47403535,Ссылка на работу в вКонтакте
АНДРЕЕВА ЮЛИЯ,Диссертация профессора Коула,рассказ,2011,0:22:54,Тёмные аллеи №18,47403039,Ссылка на работу в вКонтакте
АЛЁХИН АРТУР,Дневник обнуления,роман,2019,16:30:16,,53016370,Ссылка на работу в вКонтакте
КОНОНОВА АННА,До Нового года оставалось...,рассказ,2009,0:03:42,Новогодние чудеса на аллеях,47392014,Ссылка на работу в вКонтакте
АКИМОВ МАКСИМ,Добро всегда побеждает,рассказ,2009,0:05:48,Сказки для больших и маленьких,47392034,Ссылка на работу в вКонтакте
ШЕКЛИ РОБЕРТ,Добро пожаловать: стандартный кошмар,рассказ,2019,0:39:25,ГЛУБИНА погружение 15,54721139,Ссылка на работу в вКонтакте
РЭЙ СОНЯ,Доброе дело,рассказ,2010,0:26:45,Тёмные аллеи №12,47402904,Ссылка на работу в вКонтакте
САФРОНОВ ЕВГЕНИЙ,Догхантер. Радужный мост,повесть,2017,3:54:35,Евгений Сафронов - Рассказы,50296060,Ссылка на работу в вКонтакте
КИНГ СТИВЕН,Доктор Сон,роман,2014,18:09:19,,47397205,Ссылка на работу в вКонтакте
СОНДЕРС ЧАРЛЬЗ,Долг Иеровоама Хенли,рассказ,,0:00:00,Тёмные аллеи 2.3 Аколиты и Ктулху,49828877,Ссылка на работу в вКонтакте
КИНГ СТИВЕН,Долгий джонт,рассказ,2009,1:19:10,Команда скелетов,49866622,Ссылка на работу в вКонтакте
БРАУН ФРЕДЕРИК,Дом,рассказ,2015,0:08:51,Тёмные аллеи 2.1 Жестокость,50297043,Ссылка на работу в вКонтакте
МИХАЙЛОВ ВАЛЕРИЙ,Дом,рассказ,2009,0:12:20,Тёмные аллеи №07,47402805,Ссылка на работу в вКонтакте
АНДЕРСОН АЛЕКСАНДР,Дом монстров,рассказ,2012,0:54:49,Тёмные аллеи №21,47403076,Ссылка на работу в вКонтакте
КИНГ СТИВЕН,Дом на повороте,рассказ,2014,0:43:27,,47397809,Ссылка на работу в вКонтакте
КИРНАН КЕЙТЛИН,Дома поглощены волнами моря,рассказ,,0:00:00,Тёмные аллеи 2.3 Аколиты и Ктулху,49828877,Ссылка на работу в вКонтакте
ЖОЗЕФИНА ФЕЯ,Домовёнок и звёзды,рассказ,2009,0:10:20,Сказки для больших и маленьких,47392034,Ссылка на работу в вКонтакте
СИЛВЕРБЕРГ РОБЕРТ,Дорога на закат,рассказ,2016,0:55:23,Созвездие Льва 2. Всадники апокалипсиса,51326204,Ссылка на работу в вКонтакте
РИД РОБЕРТ,Драконы из Лётного Ущелья,рассказ,2017,нет ещё,Созвездие Льва 3. Приход ночи (часть 2),49963352,Ссылка на работу в вКонтакте
ШАМАНОВ СЕРГЕЙ,Друид,рассказ,2012,0:24:29,Новогодние чудеса на аллеях,47392014,Ссылка на работу в вКонтакте
ГОЛДИН ИНА,Дудочник,рассказ,2008,0:29:08,Тёмные аллеи №05,47402761,Ссылка на работу в вКонтакте
НИКОЛАЕВ СЕРГЕЙ,Дух леса,рассказ,2014,0:33:04,Тёмные аллеи Новое и неизданное,49672840,Ссылка на работу в вКонтакте
БОЛДЫРЕВА НАТАЛЬЯ,Дуэль,рассказ,2010,0:30:11,Тёмные аллеи №12,47402904,Ссылка на работу в вКонтакте
ЦУРКАН ВАЛЕРИЙ,Дым отечества,рассказ,2010,0:31:54,Южная пристань,47391962,Ссылка на работу в вКонтакте
ХАЕЦКАЯ ЕЛЕНА,Дым родного очага,рассказ,2009,0:27:14,Тёмные аллеи №10,47402860,Ссылка на работу в вКонтакте
ОДУВАЛОВА АННА,Дыша духами и туманами,рассказ,2011,0:29:26,Тёмные аллеи №18,47403039,Ссылка на работу в вКонтакте
КРЫМОВ ОЛЕГ,Дьюбери,рассказ,2009,0:03:22,Сказки для больших и маленьких,47392034,Ссылка на работу в вКонтакте
МУРАКАМИ ХАРУКИ,Её пёсик в земле,рассказ,2018,1:01:31,Смерть в середине лета,50034017,Ссылка на работу в вКонтакте
БАРКЕР КЛАЙВ,Её последняя воля,рассказ,2015,1:36:11,Тёмные аллеи 2.1 Жестокость,50297043,Ссылка на работу в вКонтакте
БЛОХ РОБЕРТ,Енох,рассказ,2015,0:36:06,Тёмные аллеи 2.0 Тёмные звёзды,49780142,Ссылка на работу в вКонтакте
ПЫСЛАРЬ АЛЁНА,Желание,рассказ,2009,0:20:38,Тёмные аллеи №09,47402841,Ссылка на работу в вКонтакте
МАВЕРИК ДЖОН,Жёлтые бабочки,рассказ,2010,0:31:10,Тёмные аллеи №15,47402963,Ссылка на работу в вКонтакте
ЧАМБЕРС РОБЕРТ,Жёлтый знак,рассказ,2018,0:51:41,Тёмные аллеи 2.3 Аколиты и Ктулху,49828877,Ссылка на работу в вКонтакте
СИНДЗИ КАДЗИО,Жемчужинка для Миа,рассказ,2015,0:43:03,Сад опавших листьев,49982920,Ссылка на работу в вКонтакте
КИНГ СТИВЕН,Женщина в палате,рассказ,2014,0:36:40,Ночная смена,47401704,Ссылка на работу в вКонтакте
РЕМИЗОВ АЛЕКСЕЙ,Жертва,рассказ,2018,0:39:27,Пять вечеров 4: Одержимость,50095809,Ссылка на работу в вКонтакте
ГОВАРД РОБЕРТ,Живущие под усыпальницами,рассказ,2014,0:38:29,Говард Роберт - Сборник рассказов,49155802,Ссылка на работу в вКонтакте
АЛЁХИН АРТУР,Живший когда-то,рассказ,2019,0:26:41,,53016370,Ссылка на работу в вКонтакте
КИНГ СТИВЕН,Жизнь после смерти,рассказ,2015,0:34:24,Созвездие Льва,50095810,Ссылка на работу в вКонтакте
СИТНИКОВ ИВАН,Жизнь продолжается,рассказ,2008,0:43:37,Тёмные аллеи №02,47402729,Ссылка на работу в вКонтакте
ЦУРКАН ВАЛЕРИЙ,Жнец,рассказ,2010,0:31:03,Тёмные аллеи №15,47402963,Ссылка на работу в вКонтакте
КЛЮЧНИКОВ ВЛАДИМИР,За раками,рассказ,2017,0:05:40,Владимир Ключников - Рассказы,49685149,Ссылка на работу в вКонтакте
ВОННЕГУТ КУРТ,За стеной,рассказ,2019,0:19:27,ГЛУБИНА КУРТ ВОННЕГУТ - Танасфера,54730832,Ссылка на работу в вКонтакте
ЕВДОКИМОВА ГАЛИНА,За тьму в ваших глазах,рассказ,2017,0:31:45,Тёмные аллеи №23. Russian edition,49839574,Ссылка на работу в вКонтакте
ДИБРОВА ПАВЕЛ,За углом 9 класса,рассказ,2017,0:09:01,Павел К. Диброва - Рассказы,49714485,Ссылка на работу в вКонтакте
МИЛЯ АНДРЕЙ,Забытые - не значит исчезнувшие,рассказ,2016,0:35:40,Тёмные аллеи №23. Russian edition,49839574,Ссылка на работу в вКонтакте
БУЛДАКОВ ОЛЕГ,Загадка Сфинкса,рассказ,2015,0:05:42,ОЛЕГ БУЛДАКОВ - Трамвайный лев,50316084,Ссылка на работу в вКонтакте
ДОЙЛ АРТУР КОНАН,Задира из Броукас-Корта,рассказ,2016,0:31:21,Конан Дойль - Рассказы,49215543,Ссылка на работу в вКонтакте
МОРДАС ДМИТРИЙ,Зайчик,рассказ,2015,0:54:27,Тёмные аллеи 2.0 Тёмные звёзды,49780142,Ссылка на работу в вКонтакте
КИНГ СТИВЕН,Заклятие параноика,рассказ,2015,0:08:17,Команда скелетов,49866622,Ссылка на работу в вКонтакте
КОУНИ МАЙКЛ,Закованный разум,рассказ,2016,1:01:27,Созвездие Льва 2. Всадники апокалипсиса,51326204,Ссылка на работу в вКонтакте
АЛЁХИН АРТУР,Замкнутый круг,рассказ,2019,0:52:07,,53016370,Ссылка на работу в вКонтакте
ЛАУМЕР КИТ,Замороженная планета,рассказ,2009,1:18:47,Лаумер Кит - Рассказы,47403535,Ссылка на работу в вКонтакте
БЛОХ РОБЕРТ,"Записки, найденные в пустом доме",рассказ,,0:00:00,Тёмные аллеи 2.3 Аколиты и Ктулху,49828877,Ссылка на работу в вКонтакте
КРАВЧЕНКО ЛЕОНИД,Заплатка,повесть,2016,7:43:53,,47397881,Ссылка на работу в вКонтакте
КЛЮЧНИКОВ ВЛАДИМИР,Зарисовка о бесконечном человеке,рассказ,2017,0:04:56,Владимир Ключников - Рассказы,49685149,Ссылка на работу в вКонтакте
РЗАЕВ БАЯЗИД,Захлопни дверь и пережди,рассказ,2017,0:03:42,,47403584,Ссылка на работу в вКонтакте
ВАН ВОГТ АЛЬФРЕД,Зачарованная деревня,рассказ,2010,0:27:36,Тёмные аллеи №14,47402953,Ссылка на работу в вКонтакте
ДЬЯЧЕНКО НИНА,Зачем ты сделал это со мной?,рассказ,2008,0:18:30,Тёмные аллеи №02,47402729,Ссылка на работу в вКонтакте
ЧЕРКАШИНА ИРИНА,Звезда творения,фрагмент,2013,0:09:12,Проект Миры фрагменты к книгам,47391984,Ссылка на работу в вКонтакте
СЛЮСАРЬ ВИТАЛИЙ,Звёздочка,рассказ,2011,0:20:11,Тёмные аллеи №16,47402994,Ссылка на работу в вКонтакте
ЛАНСДЕЙЛ ДЖО Р.,Звёзды падают,рассказ,2017,1:11:49,Адамово яблоко,47401517,Ссылка на работу в вКонтакте
ЛАВКРАФТ ГОВАРД Ф.,Зверь в подземелье,рассказ,2017,0:17:15,Тёмные аллеи 2.2 Ктулху и аколиты,51789137,Ссылка на работу в вКонтакте
ИВОЛГА НАДЕЖДА,Звонок в дверь,рассказ,2008,0:21:00,Тёмные аллеи №02,47402729,Ссылка на работу в вКонтакте
МАТЕСОН РИЧАРД,Звонок издалека,рассказ,2018,0:35:05,Манускрипты Аркхэма,47405165,Ссылка на работу в вКонтакте
БАТЛЕР ОКТАВИЯ,Звуки речи,рассказ,2016,0:40:04,Созвездие Льва 2. Всадники апокалипсиса,51326204,Ссылка на работу в вКонтакте
ЯСИНСКАЯ МАРИНА,Звукорежиссёр,рассказ,2012,0:15:00,Тёмные аллеи №20,47403059,Ссылка на работу в вКонтакте
КИНГ СТИВЕН,Здесь тоже водятся тигры,рассказ,2013,0:11:46,Команда скелетов,49866622,Ссылка на работу в вКонтакте
ГОССЕН ПАУЛЬ,Зеленый Охотник,рассказ,2011,0:25:51,Тёмные аллеи №19,47403053,Ссылка на работу в вКонтакте
КОННОЛЛИ ДЖОН,"Зелень тёмная, густая",рассказ,2018,0:21:36,Ночные легенды,54438257,Ссылка на работу в вКонтакте
КИНГ СТИВЕН,Земляничная весна,рассказ,2014,0:25:35,Ночная смена,47401704,Ссылка на работу в вКонтакте
ATLAS,Зеркало самоубийцы,рассказ,2015,0:12:58,ATLAS - Рассказы,50296392,Ссылка на работу в вКонтакте
РЫБАКОВ ВЯЧЕСЛАВ,Зима,рассказ,2016,0:28:02,Созвездие Льва 2. Всадники апокалипсиса,51326204,Ссылка на работу в вКонтакте
ГИБСОН УИЛЬЯМ,Зимний рынок,рассказ,2012,0:26:57,Зимняя сказка,47391905,Ссылка на работу в вКонтакте
ГОВАРД РОБЕРТ,Зловещее прикосновение смерти,рассказ,2014,0:14:16,Говард Роберт - Сборник рассказов,49155802,Ссылка на работу в вКонтакте
ФЕХЕРВАРИ ПИТЕР,Змеев заповедник,рассказ,2019,1:07:16,WARHAMMER 40000,54712986,Ссылка на работу в вКонтакте
ВАН ВОГТ АЛЬФРЕД,Змея и крыса,рассказ,2008,0:13:32,Тёмные аллеи №04,47402754,Ссылка на работу в вКонтакте
САФРОНОВ ЕВГЕНИЙ,Знахари: детские законы,рассказ,2019,3:13:57,Евгений Сафронов - Рассказы,50296060,Ссылка на работу в вКонтакте
ЛАВКРАФТ ГОВАРД Ф.,Зов Ктулху ,рассказ,2016,1:59:25,Тёмные аллеи 2.2 Ктулху и аколиты,51789137,Ссылка на работу в вКонтакте
БРЭДБЕРИ РЭЙ,Золотоглазые,рассказ,2015,0:29:41,Созвездие Льва,50095810,Ссылка на работу в вКонтакте
ФЕДОТОВ АЛЕКСЕЙ,Зона Интернет,рассказ,2008,0:15:07,Тёмные аллеи №02,47402729,Ссылка на работу в вКонтакте
ATLAS,И все таки люди,рассказ,2015,0:29:38,ATLAS - Рассказы,50296392,Ссылка на работу в вКонтакте
БУЛДАКОВ ОЛЕГ,И лев танцует,рассказ,2015,0:12:26,ОЛЕГ БУЛДАКОВ - Трамвайный лев,50316084,Ссылка на работу в вКонтакте
КИНГ СТИВЕН,И пришёл Бука,рассказ,2014,0:33:01,Ночная смена,47401704,Ссылка на работу в вКонтакте
"МЬЕВИЛЬ ЧАЙНА, ЭММА БИРЧЕМ, МАКС ШАФЕР",Игровая комната,рассказ,2014,0:39:41,Тёмные аллеи Новое и неизданное,49672840,Ссылка на работу в вКонтакте
ГИЛФОРД ЧАРЛЬЗ,Игрок,рассказ,2017,0:21:33,Тёмные аллеи 2.4 Удиви меня!,50155796,Ссылка на работу в вКонтакте
БЛОХ РОБЕРТ,Игрушка для Джульетты,рассказ,2017,0:18:35,Тёмные аллеи 2.4 Удиви меня!,50155796,Ссылка на работу в вКонтакте
КИНГ СТИВЕН,Иерусалемов удел,рассказ,2013,1:38:28,Ночная смена,47401704,Ссылка на работу в вКонтакте
ДИК ФИЛИП,Из глубин памяти (Мы вам всё припомним),рассказ,2011,0:51:41,Тёмные аллеи №17,47403015,Ссылка на работу в вКонтакте
АРЦЫБАШЕВ МИХАИЛ,Из дневника одного покойника,рассказ,2018,0:38:31,ГЛУБИНА погружение 06,50095806,Ссылка на работу в вКонтакте
КОРКИН СЕРГЕЙ,Извне,рассказ,2008,0:21:01,Тёмные аллеи №03,47402740,Ссылка на работу в вКонтакте
ЛАВКРАФТ ГОВАРД Ф.,Изгнанник,рассказ,2017,0:19:11,Тёмные аллеи 2.2 Ктулху и аколиты,51789137,Ссылка на работу в вКонтакте
ПРАТЧЕТТ ТЕРРИ,Изумительный Морис и его учёные грызуны,роман,2019,8:51:44,,47397335,Ссылка на работу в вКонтакте
СИЛАНТЬЕВА ЛЮБОВЬ,Икона,стихи,2013,0:08:14,,47391977,Ссылка на работу в вКонтакте
КОВАЛЬ НИКИТА,Индигман,рассказ,2017,0:55:54,Никита Коваль - Рассказы,47401436,Ссылка на работу в вКонтакте
КИНГ СТИВЕН,Иногда они возвращаются,рассказ,2009,1:10:10,Ночная смена,47401704,Ссылка на работу в вКонтакте
МАЙ АЛЕКС,Интернет. Мертвые,рассказ,2008,0:15:00,Тёмные аллеи №02,47402729,Ссылка на работу в вКонтакте
ЛАВКРАФТ ГОВАРД Ф.,Иранон,рассказ,2016,0:23:02,Тёмные аллеи 2.2 Ктулху и аколиты,51789137,Ссылка на работу в вКонтакте
ИВОЛГА НАДЕЖДА,Искорка,рассказ,2009,0:03:15,Новогодние чудеса на аллеях,47392014,Ссылка на работу в вКонтакте
ЛЕНГАР ВАЛЕРИЙ,Искупление,рассказ,2008,0:11:10,Тёмные аллеи №06,47402771,Ссылка на работу в вКонтакте
ЧЕКАЛОВ ДЕНИС,Искусство войны,рассказ,2008,0:13:50,Тёмные аллеи №04,47402754,Ссылка на работу в вКонтакте
ХАЛЬ ЕВГЕНИЯ И ИЛЬЯ,Исповедник,рассказ,2011,0:21:51,Тёмные аллеи №18,47403039,Ссылка на работу в вКонтакте
ХАЙНЛАЙН РОБЕРТ,Испытание космосом,рассказ,2019,0:40:17,Созвездие Льва 4,54717929,Ссылка на работу в вКонтакте
ФОС ЭЛИАС,История одного кукольника,роман,2017,,в озвучке,,Ссылка на работу в вКонтакте
ФЕДОТОВ АЛЕКСЕЙ,К вопросу о хороших инопланетянах,рассказ,2009,0:17:20,Тёмные аллеи №06,47402771,Ссылка на работу в вКонтакте
КИНГ СТИВЕН,Кадиллак Долана,рассказ,2009,2:21:39,Тёмные аллеи №08,47402825,Ссылка на работу в вКонтакте
ЛЕНСКАЯ МАРГАРИТА,Как начиналась сказка ,рассказ,2009,0:17:04,Тёмные аллеи №11,47402888,Ссылка на работу в вКонтакте
БУЛДАКОВ ОЛЕГ,Календарь праздников,рассказ,2015,0:06:08,ОЛЕГ БУЛДАКОВ - Трамвайный лев,50316084,Ссылка на работу в вКонтакте
МАСТЕРТОН ГРЭМ,Камелот,рассказ,2019,1:01:51,ГЛУБИНА погружение 13,54703259,Ссылка на работу в вКонтакте
БУЛАТНИКОВА ДАРЬЯ,Карамельное платье,рассказ,2009,0:05:41,Сказки для больших и маленьких,47392034,Ссылка на работу в вКонтакте
КИНГ СТИВЕН,Карниз,рассказ,2014,0:48:56,Ночная смена,47401704,Ссылка на работу в вКонтакте
КВАШНИН ДМИТРИЙ,Катарсис,рассказ,2018,0:26:23,Манускрипты Аркхэма,47405165,Ссылка на работу в вКонтакте
ВАГНЕР КАРЛ ЭДВАРД,Кедровая улица,рассказ,2016,0:23:15,Созвездие Льва 2. Всадники апокалипсиса,51326204,Ссылка на работу в вКонтакте
САФРОНОВ ЕВГЕНИЙ,Кенотафия или Необычное путешествие по России,рассказ,2017,1:52:13,Евгений Сафронов - Рассказы,50296060,Ссылка на работу в вКонтакте
ШАМАНОВ СЕРГЕЙ,Кладбище,рассказ,2008,0:47:21,Тёмные аллеи №03,47402740,Ссылка на работу в вКонтакте
КИНГ СТИВЕН,Кладбище домашних животных,роман,2015,12:38:53,,49917677,Ссылка на работу в вКонтакте
ГОВАРД РОБЕРТ,Кладбищенские крысы,рассказ,2015,1:03:48,Тёмные аллеи 2.1 Жестокость,50297043,Ссылка на работу в вКонтакте
ФЕДОТОВ АЛЕКСЕЙ,Кладоискатель,рассказ,2009,0:16:07,Тёмные аллеи №11,47402888,Ссылка на работу в вКонтакте
КЛЮЧНИКОВ ВЛАДИМИР,Клементьево,рассказ,2017,0:04:39,Владимир Ключников - Рассказы,49685149,Ссылка на работу в вКонтакте
КОННОЛЛИ ДЖОН,Клоунами не становятся,рассказ,2018,0:26:03,Ночные легенды,54438257,Ссылка на работу в вКонтакте
ЖЕЛЯЗНЫ РОДЖЕР,Ключи к декабрю,рассказ,2017,1:07:02,Созвездие Льва 3. Приход ночи (часть 1),47401419,Ссылка на работу в вКонтакте
ЛАВКРАФТ ГОВАРД Ф.,Книга,рассказ,2017,0:09:49,Тёмные аллеи 2.2 Ктулху и аколиты,51789137,Ссылка на работу в вКонтакте
ШОЛОХОВ АЛЕКСЕЙ,"Книга, ножницы, черный бант…",разное,2017,0:30:42,Тёмные аллеи №23. Russian edition,49839574,Ссылка на работу в вКонтакте
БЕЙКЕР КЕЙДЖ,Книги,рассказ,2016,0:35:06,Созвездие Льва 2. Всадники апокалипсиса,51326204,Ссылка на работу в вКонтакте
ГОВАРД РОБЕРТ,Кобра из сна,рассказ,2014,0:16:15,Говард Роберт - Сборник рассказов,49155802,Ссылка на работу в вКонтакте
СИИНА МАКОТО,Когда дождь кончится,рассказ,2013,0:38:48,Причуды жизни,47392029,Ссылка на работу в вКонтакте
БУЛДАКОВ ОЛЕГ,Когда Мишастик был маленьким,повесть,2008,0:30:00,Истории про Мишастика,47392020,Ссылка на работу в вКонтакте
УИНДЕМ ДЖОН,Колесо,рассказ,2017,0:19:31,Созвездие Льва 3. Приход ночи (часть 1),47401419,Ссылка на работу в вКонтакте
САЙМАК КЛИФФОРД,Коллекционер,рассказ,2017,1:44:53,Созвездие Льва 3. Приход ночи (часть 1),47401419,Ссылка на работу в вКонтакте
ДИК ФИЛИП,Колония,рассказ,2015,0:40:50,Созвездие Льва,50095810,Ссылка на работу в вКонтакте
ПОДОЛЬСКИЙ АЛЕКСАНДР,Колумбарий,рассказ,2011,0:26:09,Тёмные аллеи №18,47403039,Ссылка на работу в вКонтакте
БУЛАТНИКОВА ДАРЬЯ,Колыбельная,рассказ,2010,0:16:28,Тёмные аллеи №12,47402904,Ссылка на работу в вКонтакте
САФРОНОВ ЕВГЕНИЙ,Коммунальный юродивый,рассказ,2017,0:34:51,Евгений Сафронов - Рассказы,50296060,Ссылка на работу в вКонтакте
АРТУР РОБЕРТ,Комната-могила,рассказ,2017,0:36:11,Тёмные аллеи 2.4 Удиви меня!,50155796,Ссылка на работу в вКонтакте
КИНГ СТИВЕН,Конец всей этой мерзости,рассказ,2016,1:13:15,Созвездие Льва 2. Всадники апокалипсиса,51326204,Ссылка на работу в вКонтакте
ЛИПОВСКИЙ ДЕНИС,Контрацептив,рассказ,2017,1:16:33,,47580818,Ссылка на работу в вКонтакте
МЭТИСОН РИЧАРД,Корабль смерти,рассказ,2010,1:02:43,Тёмные аллеи №14,47402953,Ссылка на работу в вКонтакте
ПЕРОВ ЕВГЕНИЙ,Королева воров,рассказ,2016,0:29:14,Евгений Перов - Рассказы,49218847,Ссылка на работу в вКонтакте
ЛАУМЕР КИТ,Король города,рассказ,2009,1:12:48,Лаумер Кит - Рассказы,47403535,Ссылка на работу в вКонтакте
НАБОКОВА ЮЛИЯ,Короткая весна Рене,рассказ,2008,0:37:53,Тёмные аллеи №04,47402754,Ссылка на работу в вКонтакте
КИНГ СТИВЕН,Короткая дорожка миссис Тодд,рассказ,2009,1:20:05,Команда скелетов,49866622,Ссылка на работу в вКонтакте
КИНГ СТИВЕН,"Корпорация ""Бросайте курить""",рассказ,2014,0:49:35,Ночная смена,47401704,Ссылка на работу в вКонтакте
БРЭДБЕРИ РЭЙ,Коса,рассказ,2019,0:41:15,Созвездие Льва 4,54717929,Ссылка на работу в вКонтакте
БОЛДЫРЕВА НАТАЛЬЯ,Кости,рассказ,2009,0:14:15,Тёмные аллеи №07,47402805,Ссылка на работу в вКонтакте
СЫРЦОВА АННА,Кот и бабочка,рассказ,2009,0:06:23,Сказки для больших и маленьких,47392034,Ссылка на работу в вКонтакте
МАРТИН ЛИ,Кот на ужасном диване,рассказ,2018,0:55:32,ГЛУБИНА погружение 03,47397859,Ссылка на работу в вКонтакте
ЩЕРБА НАТАЛЬЯ,"Котам, с ключом в зубах, не доверяйте",рассказ,2010,0:26:59,Тёмные аллеи №12,47402904,Ссылка на работу в вКонтакте
КЭМПБЕЛЛ РЭМСИ,Кошка и мышка,рассказ,2015,0:37:31,Тёмные аллеи 2.0 Тёмные звёзды,49780142,Ссылка на работу в вКонтакте
ЛАВКРАФТ ГОВАРД Ф.,Кошки Ультхара,рассказ,2008,0:10:14,Тёмные аллеи №01,47402705,Ссылка на работу в вКонтакте
БРЭДБЕРИ РЭЙ,Кошкина пижама,рассказ,2017,0:13:14,Адамово яблоко,47401517,Ссылка на работу в вКонтакте
ШАМАНОВ СЕРГЕЙ,Красное платье,рассказ,2012,0:34:13,Тёмные аллеи №21,47403076,Ссылка на работу в вКонтакте
КИНГ СТИВЕН,Крауч-Энд,рассказ,2018,1:26:35,Тёмные аллеи 2.3 Аколиты и Ктулху,49828877,Ссылка на работу в вКонтакте
БУЛДАКОВ ОЛЕГ,Крепко!,рассказ,2015,0:07:18,ОЛЕГ БУЛДАКОВ - Трамвайный лев,50316084,Ссылка на работу в вКонтакте
ГЖЕНДОВИЧ ЯРОСЛАВ,Крепость Трёх Колодцев,рассказ,2017,0:43:36,Пять вечеров 3: Магия,47401805,Ссылка на работу в вКонтакте
ГОВАРД РОБЕРТ,Кричащий череп тишины,рассказ,2018,0:25:39,Манускрипты Аркхэма,47405165,Ссылка на работу в вКонтакте
ГОВАРД РОБЕРТ,Кричащий череп тишины,рассказ,2018,0:25:39,,49214345,Ссылка на работу в вКонтакте
АБНЕТТ ДЭН,Кровавые игры,рассказ,2019,1:37:12,WARHAMMER 40000,54712986,Ссылка на работу в вКонтакте
УДОВИЧЕНКО ДИАНА,Кровавые иллюзии,роман,2013,7:01:10,,47391885,Ссылка на работу в вКонтакте
ЯНСИ РИК,Кровавый остров (Ученик монстролога 3),роман,2019,14:30:16,,54601279,Ссылка на работу в вКонтакте
ГОВАРД РОБЕРТ,Крылья в ночи,рассказ,2014,1:43:54,Говард Роберт - Сборник рассказов,49155802,Ссылка на работу в вКонтакте
ДЖЕЙМС М. Р.,Крысы,рассказ,2018,0:19:20,Манускрипты Аркхэма,47405165,Ссылка на работу в вКонтакте
ЛАВКРАФТ ГОВАРД Ф.,Крысы в стенах,рассказ,2016,1:13:08,Тёмные аллеи 2.2 Ктулху и аколиты,51789137,Ссылка на работу в вКонтакте
КЭМПБЕЛЛ ДЖОН,Кто идёт? (Нечто),рассказ,2011,1:02:50,Тёмные аллеи №17,47403015,Ссылка на работу в вКонтакте
ФЕРР ЛЮЦИАН,Кто ходит в гости по ночам?,рассказ,2009,0:11:28,Тёмные аллеи №09,47402841,Ссылка на работу в вКонтакте
НЕВИЛЛ АДАМ,Куда приходят ангелы,рассказ,2016,0:56:46,Пять вечеров 2: Призраки,51939372,Ссылка на работу в вКонтакте
ЦУРКАН ВАЛЕРИЙ,Кузнец,рассказ,2010,0:27:19,Южная пристань,47391962,Ссылка на работу в вКонтакте
БАУНДС СИДНЕЙ ДЖ,Кукловоды,рассказ,2010,0:33:24,Тёмные аллеи №14,47402953,Ссылка на работу в вКонтакте
ЛЕВЧЕНКО ТАТЬЯНА,Куколка,рассказ,2012,0:11:42,Тёмные аллеи №21,47403076,Ссылка на работу в вКонтакте
РОМАШИХИН АЛЕКСАНДР,Кукольник,рассказ,2012,0:18:17,Тёмные аллеи №20,47403059,Ссылка на работу в вКонтакте
ВАСИЛЬЕВА НАТАЛЬЯ,Кукольный бог,рассказ,2010,0:15:43,Тёмные аллеи №15,47402963,Ссылка на работу в вКонтакте
ЧАН ТЕД,Купец и волшебные врата,рассказ,2017,нет ещё,Созвездие Льва 3. Приход ночи (часть 2),49963352,Ссылка на работу в вКонтакте
БРАУН ФРЕДЕРИК,Купол,рассказ,2016,0:19:14,Созвездие Льва 2. Всадники апокалипсиса,51326204,Ссылка на работу в вКонтакте
КИНГ СТИВЕН,Кэрри,роман,2012,7:39:40,,47397290,Ссылка на работу в вКонтакте
КАЛАБУХИН СЕРГЕЙ,Лабиринт чувств,рассказ,2009,0:12:49,Тёмные аллеи №07,47402805,Ссылка на работу в вКонтакте
ПАВИН СЕРГЕЙ,Лавка песочных часов,рассказ,2009,0:13:11,Тёмные аллеи №09,47402841,Ссылка на работу в вКонтакте
ШИМАНОВСКИЙ ЮРИЙ,Лазурный,рассказ,2012,0:39:44,Тёмные аллеи №21,47403076,Ссылка на работу в вКонтакте
ДИКСОН ГОРДОН,Лалангамена,рассказ,2017,0:39:21,Созвездие Льва 3. Приход ночи (часть 2),49963352,Ссылка на работу в вКонтакте
КИНГ СТИВЕН,Лангольеры,роман,2018,9:20:08,,50289819,Ссылка на работу в вКонтакте
БУЛДАКОВ ОЛЕГ,Лев и Рождество,рассказ,2015,0:02:51,ОЛЕГ БУЛДАКОВ - Трамвайный лев,50316084,Ссылка на работу в вКонтакте
ПОЛОНСКАЯ ЕЛЕНА,Легенда о Потерявшихся,рассказ,2009,0:04:45,Сказки для больших и маленьких,47392034,Ссылка на работу в вКонтакте
СЫРЦОВА АННА,Легенды чужих островов,рассказ,2010,0:22:47,Тёмные аллеи №12,47402904,Ссылка на работу в вКонтакте
ЧЕРКАШИНА ИРИНА,Лёгкой тебе дороги,рассказ,2012,0:58:35,Тёмные аллеи №21,47403076,Ссылка на работу в вКонтакте
ЛЕНСКАЯ МАРГАРИТА,Леди следуют за прогрессом,рассказ,2011,0:20:59,Тёмные аллеи №19,47403053,Ссылка на работу в вКонтакте
МАРКЕЛОВА НАТАЛЬЯ,Лепесток розы,рассказ,2008,0:21:26,Тёмные аллеи №06,47402771,Ссылка на работу в вКонтакте
КИНГ СТИВЕН,Летний гром,рассказ,2015,0:41:32,Созвездие Льва,50095810,Ссылка на работу в вКонтакте
СУЭНВИК МАЙКЛ,Лето с трицератопсами,рассказ,2015,0:32:34,Созвездие Льва,50095810,Ссылка на работу в вКонтакте
ДИБРОВА ПАВЕЛ,Лец-тас-кИ,рассказ,2017,1:00:28,Сборник рассказов Лец-тас-ки,47401448,Ссылка на работу в вКонтакте
КАДЗИИ МОТОДЗИРО,Лимон,рассказ,2015,0:16:46,Сад опавших листьев,49982920,Ссылка на работу в вКонтакте
ТОЛКИН ДЖОН,Лист кисти Ниггля,рассказ,2019,0:56:58,Созвездие Льва 4,54717929,Ссылка на работу в вКонтакте
ДАДЗАЙ ОСАМУ,Листья вишни и флейта,рассказ,2018,0:16:16,Смерть в середине лета,50034017,Ссылка на работу в вКонтакте
ЧЕКАЛОВ ДЕНИС,Лифт,рассказ,2008,0:19:06,Тёмные аллеи №02,47402729,Ссылка на работу в вКонтакте
КОЖУХОВ АНДРЕЙ,Лицом к лицу,рассказ,2010,0:36:29,Тёмные аллеи №13,47402919,Ссылка на работу в вКонтакте
БЭНКС ИЭН,Лишний придаток,рассказ,2018,0:16:01,,49928114,Ссылка на работу в вКонтакте
МАРТИН Р.Р. ДЖОРДЖ,Лишь за одно вчера,рассказ,2016,1:07:50,Созвездие Льва 2. Всадники апокалипсиса,51326204,Ссылка на работу в вКонтакте
ИГНАТЬЕВ СЕРГЕЙ,Ловец тумана,фрагмент,2013,0:15:13,Проект Миры фрагменты к книгам,47391984,Ссылка на работу в вКонтакте
ПАЛАНИК ЧАК,Лузер,рассказ,2017,0:21:24,Адамово яблоко,47401517,Ссылка на работу в вКонтакте
ГОВАРД РОБЕРТ,Люди тени,стихи,2016,0:02:26,РОБЕРТ ГОВАРД - Стихи,47397835,Ссылка на работу в вКонтакте
СЕРЛИНГ РОД,"Люди, где вы?..",рассказ,2010,1:14:55,Тёмные аллеи №14,47402953,Ссылка на работу в вКонтакте
ЕГОРОВА АЛИНА,Люцифер,рассказ,2010,0:30:01,Тёмные аллеи №13,47402919,Ссылка на работу в вКонтакте
АКУТАГАВА РЮНОСКЭ,Мадонна в чёрном,рассказ,2018,0:13:27,Смерть в середине лета,50034017,Ссылка на работу в вКонтакте
МАВЕРИК ДЖОН,Маленькое волшебство,рассказ,2012,0:19:20,Новогодние чудеса на аллеях,47392014,Ссылка на работу в вКонтакте
ЭЛЛИСОН ХАРЛАН,Мальчик и его собака,рассказ,2018,1:39:43,ГЛУБИНА погружение 11,48008893,Ссылка на работу в вКонтакте
ЭВЕРС ГАНС ГЕЙНЦ,Мамалои,рассказ,2015,1:20:27,Тёмные аллеи 2.1 Жестокость,50297043,Ссылка на работу в вКонтакте
АКУТАГАВА РЮНОСКЭ,Мандарины,рассказ,2018,0:10:20,Смерть в середине лета,50034017,Ссылка на работу в вКонтакте
СЕМИРОЛЬ АННА,Мари,рассказ,2013,1:13:50,,47391656,Ссылка на работу в вКонтакте
САФОН КАРЛОС РУИС,Марина,роман,2015,7:45:51,,50367785,Ссылка на работу в вКонтакте
ГРИН АЛЕКСАНДР,Мат в три хода,рассказ,2018,0:17:55,Пять вечеров 4: Одержимость,50095809,Ссылка на работу в вКонтакте
БАБКИН МИХАИЛ,Маша и медведь,рассказ,2010,0:16:25,Тёмные аллеи №12,47402904,Ссылка на работу в вКонтакте
ФОРСТЕР МОРГАН ЭДВАРД,Машина останавливается,рассказ,2016,1:37:39,Созвездие Льва 2. Всадники апокалипсиса,51326204,Ссылка на работу в вКонтакте
МУРАКАМИ ХАРУКИ,Медовый пирог,рассказ,2013,0:59:12,Причуды жизни,47392029,Ссылка на работу в вКонтакте
ЧИБИС ОЛЬГА,Между садом и садовником,рассказ,2008,0:27:51,Тёмные аллеи №06,47402771,Ссылка на работу в вКонтакте
"ГОВАРД РОБЕРТ, ТИРНИ РИЧАРД",Мерзкое святилище,рассказ,,0:00:00,Тёмные аллеи 2.3 Аколиты и Ктулху,49828877,Ссылка на работу в вКонтакте
ВЕЧЕРОВА ДАРЬЯ,Мёртвая зона,рассказ,2018,0:27:22,,49908509,Ссылка на работу в вКонтакте
РЕМИЗОВ АЛЕКСЕЙ,Мертвец,рассказ,2018,0:06:36,Манускрипты Аркхэма,47405165,Ссылка на работу в вКонтакте
ГОВАРД РОБЕРТ,Мёртвые помнят,рассказ,2014,0:19:49,Говард Роберт - Сборник рассказов,49155802,Ссылка на работу в вКонтакте
ШВЕЙЦЕР ДАРЕЛЛ,Мёртвый мальчик,рассказ,2014,0:42:14,Тёмные аллеи Новое и неизданное,49672840,Ссылка на работу в вКонтакте
ШАМАНОВ СЕРГЕЙ,Мерцающее окно,рассказ,2010,0:22:27,Тёмные аллеи №15,47402963,Ссылка на работу в вКонтакте
КРЕЙНИНА БЭЛЛА,Месть,рассказ,2008,0:24:21,Тёмные аллеи №02,47402729,Ссылка на работу в вКонтакте
ГУМЕРОВ АЛЬБЕРТ,Месть художника,рассказ,2011,0:30:48,Тёмные аллеи №19,47403053,Ссылка на работу в вКонтакте
СИММОНС ДЭН,Метастаз,рассказ,2015,0:58:57,Созвездие Льва,50095810,Ссылка на работу в вКонтакте
БОЛДЫРЕВА НАТАЛЬЯ,Меч правосудия,рассказ,2010,0:37:43,Тёмные аллеи №15,47402963,Ссылка на работу в вКонтакте
АКИМОВ МАКСИМ,Мечта Рагора,рассказ,2009,0:14:29,Сказки для больших и маленьких,47392034,Ссылка на работу в вКонтакте
ПОДОЛЬСКИЙ АЛЕКСАНДР,Мешок без подарков,рассказ,2016,0:22:37,,47391892,Ссылка на работу в вКонтакте
КИНГ СТИВЕН,Мизери,роман,2017,13:37:13,,47401722,Ссылка на работу в вКонтакте
ЛАПШИНА ДИАНА,Миллионный клиент,рассказ,2008,0:14:04,Тёмные аллеи №02,47402729,Ссылка на работу в вКонтакте
КОВАЛЬ НИКИТА,Мильёрий Человек-Цивилизация,рассказ,2017,0:42:04,Никита Коваль - Рассказы,47401436,Ссылка на работу в вКонтакте
КОЖИН ОЛЕГ,Мин бол,рассказ,2012,0:45:08,Тёмные аллеи №20,47403059,Ссылка на работу в вКонтакте
САЙМАК КЛИФФОРД,"Мир, которого не может быть",рассказ,2019,1:36:21,Созвездие Льва 4,54717929,Ссылка на работу в вКонтакте
СОКОЛОВ АЛЕКСЕЙ,Миротворцы карательного отряда,рассказ,2017,1:47:36,,47403538,Ссылка на работу в вКонтакте
ЛАВКРАФТ ГОВАРД Ф.,Модель Пикмана,рассказ,2016,0:39:50,Тёмные аллеи 2.2 Ктулху и аколиты,51789137,Ссылка на работу в вКонтакте
ЛОНГ БЕЛНАП ФРЭНК,Мозгоеды,рассказ,2018,1:28:37,ГЛУБИНА погружение 08,52262206,Ссылка на работу в вКонтакте
ИСИГУРО КАДЗУО,Молверн-Хиллз,рассказ,2013,1:01:15,Причуды жизни,47392029,Ссылка на работу в вКонтакте
ДИБРОВА ПАВЕЛ,Молодежь,рассказ,2017,0:11:39,Сборник рассказов Лец-тас-ки,47401448,Ссылка на работу в вКонтакте
ЖЕЛЯЗНЫ РОДЖЕР,Момент бури,рассказ,2017,1:01:11,Созвездие Льва 3. Приход ночи (часть 2),49963352,Ссылка на работу в вКонтакте
ЛАВКРАФТ ГОВАРД Ф.,Морок над Инсмутом,рассказ,2017,3:26:50,Тёмные аллеи 2.2 Ктулху и аколиты,51789137,Ссылка на работу в вКонтакте
БЭНКС ИЭН,Мост,роман,2015,10:57:29,,49657061,Ссылка на работу в вКонтакте
КИНГ СТИВЕН,"Мужчина, который любил цветы",рассказ,2008,0:15:59,Ночная смена,47401704,Ссылка на работу в вКонтакте
ЛАВКРАФТ ГОВАРД Ф.,Музыка Эриха Цанна,рассказ,2016,0:25:45,Тёмные аллеи 2.2 Ктулху и аколиты,51789137,Ссылка на работу в вКонтакте
БИР ГРЕГ,"Музыка, звучащая в крови",рассказ,2015,1:13:36,Созвездие Льва,50095810,Ссылка на работу в вКонтакте
МИЯМОТО ТЭРУ,Мутная река,рассказ,2013,1:37:21,Причуды жизни,47392029,Ссылка на работу в вКонтакте
ЛАНЖЕЛЕН ДЖОРДЖ,Муха,рассказ,2011,0:50:11,Тёмные аллеи №17,47403015,Ссылка на работу в вКонтакте
БИКСБИ ДЖЕРОМ,Мы живём хорошо!,рассказ,2019,0:48:54,ГЛУБИНА погружение 12,52755201,Ссылка на работу в вКонтакте
ЛЕВАНОВА ТАТЬЯНА,Мы принесли вам немного солнца,рассказ,2009,0:21:48,Сказки для больших и маленьких,47392034,Ссылка на работу в вКонтакте
НОРТОН АНДРЭ,Мышеловка,рассказ,2018,0:23:46,,49889240,Ссылка на работу в вКонтакте
КИНГ СТИВЕН,Мясорубка,рассказ,2009,1:00:55,Ночная смена,47401704,Ссылка на работу в вКонтакте
КЮНСКЕН ДЕРЕК,На глубине,рассказ,2019,0:59:42,ГЛУБИНА погружение 14,54705797,Ссылка на работу в вКонтакте
ПЕКЕРСКИЙ АЛЕКСАНДР,На задворках галактики,рассказ,2013,0:02:24,На задворках галактики,47458093,Ссылка на работу в вКонтакте
СИММОНС ДЭН,На К2 с Канакаридесом,рассказ,2017,2:08:22,Созвездие Льва 3. Приход ночи (часть 1),47401419,Ссылка на работу в вКонтакте
ATLAS,На краю света,рассказ,2016,0:17:00,ATLAS - Рассказы,50296392,Ссылка на работу в вКонтакте
КИНГ СТИВЕН,На посошок,рассказ,2014,0:40:55,Ночная смена,47401704,Ссылка на работу в вКонтакте
ЯНГ РОБЕРТ,На Реке,рассказ,2010,0:36:49,Тёмные аллеи №14,47402953,Ссылка на работу в вКонтакте
САЙМАК КЛИФФОРД,На Юпитере,рассказ,2019,0:37:36,Созвездие Льва 4,54717929,Ссылка на работу в вКонтакте
ДИБРОВА ПАВЕЛ,Набор джентльмена,рассказ,2017,0:08:43,Павел К. Диброва - Рассказы,49714485,Ссылка на работу в вКонтакте
КОРН АЛЕКСАНДР,Над небом Испании,рассказ,2009,0:02:41,Сказки для больших и маленьких,47392034,Ссылка на работу в вКонтакте
ДИБРОВА ПАВЕЛ,Надежда,рассказ,2017,0:04:37,Павел К. Диброва - Рассказы,49714485,Ссылка на работу в вКонтакте
ВАСИЛЬЕВ СЕРГЕЙ,Найди мне трехвалентное железо!,рассказ,2011,0:35:54,Тёмные аллеи №16,47402994,Ссылка на работу в вКонтакте
ЧИЖ ГАРРИ,Находка,рассказ,2009,0:02:58,Сказки для больших и маленьких,47392034,Ссылка на работу в вКонтакте
СИТНИКОВ ИВАН,"Невероятная история, произошедшая в селе Одуванчиково Смоленского уезда",рассказ,2010,0:31:33,Тёмные аллеи №15,47402963,Ссылка на работу в вКонтакте
НАБОКОВА ЮЛИЯ,Невыполнимая миссия Купидона,рассказ,2010,0:28:25,Тёмные аллеи №13,47402919,Ссылка на работу в вКонтакте
АЛЁХИН АРТУР,Негнетущая тишина,рассказ,2019,0:27:23,,53016370,Ссылка на работу в вКонтакте
ЗАГОСКИН МИХАИЛ,Нежданные гости,рассказ,2018,0:29:23,Пять вечеров 4: Одержимость,50095809,Ссылка на работу в вКонтакте
КИНГ СТИВЕН,Некрологи,рассказ,2017,1:35:29,Адамово яблоко,47401517,Ссылка на работу в вКонтакте
БУЛДАКОВ ОЛЕГ,Некультурный лев,рассказ,2015,0:03:02,ОЛЕГ БУЛДАКОВ - Трамвайный лев,50316084,Ссылка на работу в вКонтакте
БРАУН ФРЕДЕРИК,Немного зелени…,рассказ,2015,0:23:40,Созвездие Льва,50095810,Ссылка на работу в вКонтакте
САФРОНОВ ЕВГЕНИЙ,Неприкаянный,рассказ,2018,0:32:22,Евгений Сафронов - Рассказы,50296060,Ссылка на работу в вКонтакте
БУЛДАКОВ ОЛЕГ,Неприхотливый,рассказ,2015,0:03:18,ОЛЕГ БУЛДАКОВ - Трамвайный лев,50316084,Ссылка на работу в вКонтакте
РАЙТ ДЖОН,Неспящий в ночи,рассказ,2017,нет ещё,Созвездие Льва 3. Приход ночи (часть 2),49963352,Ссылка на работу в вКонтакте
ПАВЛОВ АЛЕКСАНДР,Несчастливый случай,рассказ,2017,0:37:21,Александр Павлов - Рассказы,47403531,Ссылка на работу в вКонтакте
ДЕРЛЕТ АВГУСТ,Нечто из дерева,рассказ,,0:00:00,Тёмные аллеи 2.3 Аколиты и Ктулху,49828877,Ссылка на работу в вКонтакте
КИНГ СТИВЕН,Низкие люди в жёлтых плащах,повесть,2014,9:43:21,,49393134,Ссылка на работу в вКонтакте
МИЛЯ АНДРЕЙ,Нина,рассказ,2015,0:50:23,Тёмные аллеи 2.1 Жестокость,50297043,Ссылка на работу в вКонтакте
КОЛЬЕР ДЖОН,"Ничего, кроме хорошего",рассказ,2017,0:20:59,Тёмные аллеи 2.4 Удиви меня!,50155796,Ссылка на работу в вКонтакте
КОННОЛЛИ ДЖОН,Новая дочь,рассказ,2018,0:32:16,Ночные легенды,54438257,Ссылка на работу в вКонтакте
АЗИМОВ АЙЗЕК,Новая игрушка,рассказ,2007,0:08:06,Тёмные аллеи №01,47402705,Ссылка на работу в вКонтакте
ГОРНОСТАЕВ ИГОРЬ,Новогодний тост,рассказ,2009,0:02:04,Сказки для больших и маленьких,47392034,Ссылка на работу в вКонтакте
МАВЕРИК,Новый год девочки Фани,рассказ,2009,0:06:47,Сказки для больших и маленьких,47392034,Ссылка на работу в вКонтакте
ПАЛЬЦУН СЕРГЕЙ,Новый Прометей,рассказ,2009,0:04:26,Сказки для больших и маленьких,47392034,Ссылка на работу в вКонтакте
КОННОЛЛИ ДЖОН,Ноктюрн,рассказ,2018,0:26:37,Ночные легенды,54438257,Ссылка на работу в вКонтакте
КИНГ СТИВЕН,Нона,рассказ,2015,1:30:02,Команда скелетов,49866622,Ссылка на работу в вКонтакте
КИНГ СТИВЕН,Ночная смена,рассказ,2010,1:00:31,Ночная смена,47401704,Ссылка на работу в вКонтакте
ЕВДОКИМОВА ГАЛИНА,"Ночная стража, или кто убил капитана Хассельбурга",рассказ,2018,0:55:08,,47580224,Ссылка на работу в вКонтакте
КИНГ СТИВЕН,Ночной прибой,рассказ,2013,0:25:53,Ночная смена,47401704,Ссылка на работу в вКонтакте
ФЕРРИС АРНОЛЬД ГЕНРИ,Ночные сводки,рассказ,2014,0:20:16,Тёмные аллеи Новое и неизданное,49672840,Ссылка на работу в вКонтакте
ПОДОЛЬСКИЙ АЛЕКСАНДР,Ночь,рассказ,2009,0:10:59,Тёмные аллеи №07,47402805,Ссылка на работу в вКонтакте
МАРТИН ДЖДОРДЖ,Ночь в Доме у озера,рассказ,2017,1:33:47,Пять вечеров 3: Магия,47401805,Ссылка на работу в вКонтакте
РЭЙ ЖАН,Ночь в Камбервелле,рассказ,2017,0:13:58,Тёмные аллеи 2.4 Удиви меня!,50155796,Ссылка на работу в вКонтакте
ЛАНСДЕЙЛ ДЖО,"Ночь, когда пропустили ужастик",рассказ,2017,0:49:25,Тёмные аллеи 2.4 Удиви меня!,50155796,Ссылка на работу в вКонтакте
КОРТАСАР ХУЛИО,"Ночью на спине, лицом кверху",рассказ,2018,0:24:43,ГЛУБИНА погружение 09,47391501,Ссылка на работу в вКонтакте
ШЭПОТ ТИМ и ПЕТРОВА МАРИНА,"Ну, проходи",рассказ,2015,0:10:11,Тим Шэпот - Рассказы,49940392,Ссылка на работу в вКонтакте
ХАКСЛИ ОЛДОС,О дивный новый мир,роман,2014,7:35:45,,48630743,Ссылка на работу в вКонтакте
ФИННЕЙ ДЖЕК,О пропавших без вести,рассказ,2019,0:41:30,Созвездие Льва 4,54717929,Ссылка на работу в вКонтакте
ИВОЛГА НАДЕЖДА,О соловье и нерождённой песне,рассказ,2009,0:02:45,Сказки для больших и маленьких,47392034,Ссылка на работу в вКонтакте
КИНГ СТИВЕН,Обезьяна,рассказ,2015,1:41:13,Команда скелетов,49866622,Ссылка на работу в вКонтакте
ГОВАРД РОБЕРТ,Обитатели чёрного побережья,рассказ,2014,0:21:54,Говард Роберт - Сборник рассказов,49155802,Ссылка на работу в вКонтакте
МУРКОК МАЙКЛ,Обитатель времени,рассказ,2017,0:47:57,Пять вечеров 3: Магия,47401805,Ссылка на работу в вКонтакте
ХЬЮМАН ДЭМИ,Обратный отсчёт,рассказ,2017,0:07:46,Дэми Хьюман - Рассказы,47401441,Ссылка на работу в вКонтакте
САФРОНОВ ЕВГЕНИЙ,Обыкновенный спрайт,рассказ,2019,0:47:37,Евгений Сафронов - Рассказы,50296061,Ссылка на работу в вКонтакте
ДАДЗАЙ ОСАМУ,Одежда из рыбьей чешуи,рассказ,2018,0:18:01,Смерть в середине лета,50034017,Ссылка на работу в вКонтакте
ОСАМУ ДАДЗАЙ,Одежда из рыбьей чешуи,рассказ,2018,0:18:01,,49954255,Ссылка на работу в вКонтакте
ОСАМУ ДАДЗАЙ,Ожидание,рассказ,2015,0:09:23,Сад опавших листьев,49982920,Ссылка на работу в вКонтакте
ГАРДНЕР ЭРИК,Око Эль-Аргара,фрагмент,2013,0:10:59,Проект Миры фрагменты к книгам,47391984,Ссылка на работу в вКонтакте
БРЭДБЕРИ РЭЙ,Октябрьская игра,рассказ,2015,0:21:54,Тёмные аллеи 2.0 Тёмные звёзды,49780142,Ссылка на работу в вКонтакте
КОННОЛЛИ ДЖОН,Ольховый король,рассказ,2018,0:22:16,Ночные легенды,54438257,Ссылка на работу в вКонтакте
ГРИН АЛЕКСАНДР,Она,рассказ,2015,0:33:26,Адамово яблоко,47401517,Ссылка на работу в вКонтакте
МАВЕРИК,"Она, писавшая о нём",рассказ,2010,0:09:42,Тёмные аллеи №13,47402919,Ссылка на работу в вКонтакте
АЛЁХИН АРТУР,Они все уезжают...,рассказ,2019,0:15:19,,53016370,Ссылка на работу в вКонтакте
ПЕКЕРСКИЙ АЛЕКСАНДР,"Операция ""Ноев ковчег""",рассказ,2013,0:14:12,На задворках галактики,47458093,Ссылка на работу в вКонтакте
МОРРЕЛ ДЭВИД,"Оранжевый для боли, синий для безумия",рассказ,2015,1:15:32,Тёмные аллеи 2.1 Жестокость,50297043,Ссылка на работу в вКонтакте
БЭНКС ИЭН,Осиная фабрика,роман,2009,7:36:17,,47391914,Ссылка на работу в вКонтакте
МАККАММОН РОБЕРТ,Осиное лето,рассказ,2018,0:53:08,Манускрипты Аркхэма,47405165,Ссылка на работу в вКонтакте
МЬЕВИЛЬ ЧАЙНА,Основание,роман,2017,0:29:07,Адамово яблоко,47401517,Ссылка на работу в вКонтакте
УОТТС ПИТЕР,Остров,рассказ,2017,1:51:09,Созвездие Льва 3. Приход ночи (часть 1),47401419,Ссылка на работу в вКонтакте
КРУПКАТ ГЮНТЕР,Остров страха,рассказ,2010,0:47:07,Тёмные аллеи №14,47402953,Ссылка на работу в вКонтакте
КИНГ СТИВЕН,Откровения Бекки Полсон,рассказ,2013,0:49:01,Кинг Стивен - Сборник рассказов,47401746,Ссылка на работу в вКонтакте
ЛЭНЕГАН МАРГО,Отпевание сестрёнки,рассказ,2015,0:28:57,Созвездие Льва,50095810,Ссылка на работу в вКонтакте
ЩЕРБИЦКИЙ БОРИС,Отпустим лето,рассказ,2008,0:11:59,Тёмные аллеи №03,47402740,Ссылка на работу в вКонтакте
ТОМАС ДЖЕФФРИ,Отражение призраков,рассказ,2015,0:48:54,Созвездие Льва,50095810,Ссылка на работу в вКонтакте
КИНГ СТИВЕН,Отражение смерти,рассказ,2013,0:19:44,Команда скелетов,49866622,Ссылка на работу в вКонтакте
ЯСУНАРИ КАВАБАТА,Отраженная луна,рассказ,2015,0:27:13,Сад опавших листьев,49982920,Ссылка на работу в вКонтакте
ТРУНИН КОНСТАНТИН,Отрицательная субстанция,роман,2016,8:11:46,,47397912,Ссылка на работу в вКонтакте
КИНГ СТИВЕН,Оуэну,рассказ,2015,0:02:37,Команда скелетов,49866622,Ссылка на работу в вКонтакте
ТОЛКИН ДЖОН Р. Р.,Охота за кольцом,рассказ,2008,0:18:07,Тёмные аллеи №05,47402761,Ссылка на работу в вКонтакте
ДЕМЧЕНКОВА ДАРЬЯ,Охота на избранного,рассказ,2014,0:18:40,Тёмные аллеи Новое и неизданное,49672840,Ссылка на работу в вКонтакте
ФЕДОТОВ АЛЕКСЕЙ,Охота на шишигу,рассказ,2009,0:13:08,Тёмные аллеи №11,47402888,Ссылка на работу в вКонтакте
ЦУЦУИ ЯСУТАКА,Очаровательные дамы,рассказ,2018,0:30:39,Смерть в середине лета,50034017,Ссылка на работу в вКонтакте
ЖЕЛЯЗНЫ РОДЖЕР,Очень хороший год,рассказ,2019,0:08:08,Созвездие Льва 4,54717929,Ссылка на работу в вКонтакте
ВАГНЕР КАРЛ ЭДВАРД,Палки,рассказ,2015,0:55:21,Тёмные аллеи 2.0 Тёмные звёзды,49780142,Ссылка на работу в вКонтакте
ДАЛЬ РОАЛЬД,Пари,рассказ,2017,0:28:45,Тёмные аллеи 2.4 Удиви меня!,50155796,Ссылка на работу в вКонтакте
ШЭПОТ ТИМ,Пари,рассказ,2015,0:55:12,Тёмные аллеи №23. Russian edition,49839574,Ссылка на работу в вКонтакте
СУХАНОВА ОЛЬГА,Пассажирка,рассказ,2012,0:35:49,Тёмные аллеи №21,47403076,Ссылка на работу в вКонтакте
ЭВЕРС ГАНС ГЕЙНЦ,Паук,рассказ,2015,0:56:46,Тёмные аллеи 2.0 Тёмные звёзды,49780142,Ссылка на работу в вКонтакте
СТЕПНОВА ОЛЬГА,Паук и муха,рассказ,2009,0:07:27,Сказки для больших и маленьких,47392034,Ссылка на работу в вКонтакте
СТЕРЛИНГ БРЮС,Паучиная Роза,рассказ,2018,0:55:05,ГЛУБИНА погружение 02,47391945,Ссылка на работу в вКонтакте
ФРОЛОВ ВЯЧЕСЛАВ,Пафнутич,рассказ,2008,0:35:07,Тёмные аллеи №02,47402729,Ссылка на работу в вКонтакте
ФЕДОТОВ АЛЕКСЕЙ,Первопроходец,рассказ,2009,0:06:44,Алексей Федотов - Рассказы,47403549,Ссылка на работу в вКонтакте
ЛАВКРАФТ ГОВАРД Ф. и БАРЛОУ Х. РОБЕРТ,Переживший человечество,рассказ,2016,0:32:40,Созвездие Льва 2. Всадники апокалипсиса,51326204,Ссылка на работу в вКонтакте
МУРАКАМИ ХАРУКИ,Перекати-камень в форме почки,рассказ,2013,0:42:08,Причуды жизни,47392029,Ссылка на работу в вКонтакте
КИНГ СТИВЕН,Перекурщики,рассказ,2017,2:00:48,Созвездие Льва 3. Приход ночи (часть 1),47401419,Ссылка на работу в вКонтакте
ДАРРЕЛЛ ДЖЕРАЛЬД,Переход,рассказ,2018,2:05:54,Манускрипты Аркхэма,47405165,Ссылка на работу в вКонтакте
МАРТИН ДЖДОРДЖ,Песнь Льда и Пламени 1. Игра престолов,роман,2012,36:35:24,,47458446,Ссылка на работу в вКонтакте
КАРЯКИН ПЁТР,Песня о сыне,рассказ,2014,0:17:16,Пётр Карякин - В окопе нас было двое,49714258,Ссылка на работу в вКонтакте
ХАЛЬ ЕВГЕНИЯ И ИЛЬЯ,Петрушка или полынь,рассказ,2012,0:15:23,Тёмные аллеи №20,47403059,Ссылка на работу в вКонтакте
УДОВИЧЕНКО ДИАНА,Пигмалион,рассказ,2010,0:34:40,Тёмные аллеи №13,47402919,Ссылка на работу в вКонтакте
МИСИМА ЮКИО,Пионы,рассказ,2015,0:12:37,Адамово яблоко,47401517,Ссылка на работу в вКонтакте
ПОЛОНСКАЯ ЕЛЕНА,Письма Деду Морозу,рассказ,2009,0:06:30,Новогодние чудеса на аллеях,47392014,Ссылка на работу в вКонтакте
КОРТАСАР ХУЛИО,Письмо в париж одной синьорите,рассказ,2017,0:25:21,Адамово яблоко,47401517,Ссылка на работу в вКонтакте
ГОВАРД РОБЕРТ,Пламень Ашшурбанипала,рассказ,2014,1:03:41,Говард Роберт - Сборник рассказов,49155802,Ссылка на работу в вКонтакте
МАЙКЛС ФРЭНК,Платить надо за всё,рассказ,2017,0:12:56,Тёмные аллеи 2.4 Удиви меня!,50155796,Ссылка на работу в вКонтакте
КИНГ СТИВЕН,Плот,рассказ,2015,1:15:17,Команда скелетов,49866622,Ссылка на работу в вКонтакте
КИНГ СТИВЕН,Плохой мальчишка,рассказ,2014,1:45:54,Тёмные аллеи Новое и неизданное,49672840,Ссылка на работу в вКонтакте
КИНГ СТИВЕН,Пляж,рассказ,2014,0:51:06,Команда скелетов,49866622,Ссылка на работу в вКонтакте
СУДЗУКИ КОДЗО,По воле волн,рассказ,2013,0:55:00,Причуды жизни,47392029,Ссылка на работу в вКонтакте
ВИКТОР НОЧКИН,По образу и подобию,рассказ,2008,0:27:09,Тёмные аллеи №04,47402754,Ссылка на работу в вКонтакте
ДЬЯЧЕНКО НИНА,По следам Мастера,рассказ,2008,0:15:32,Тёмные аллеи №05,47402761,Ссылка на работу в вКонтакте
БАРИНОВА ВИКТОРИЯ,По старой памяти,рассказ,2010,0:34:44,Тёмные аллеи №13,47402919,Ссылка на работу в вКонтакте
САМОЙЛОВ АЛЕКСЕЙ,Побег,рассказ,2008,0:24:50,Тёмные аллеи №03,47402740,Ссылка на работу в вКонтакте
РЯДИНСКИЙ ВЛАДИСЛАВ,Победа ценой поражения,рассказ,2017,0:24:47,,47458090,Ссылка на работу в вКонтакте
СИММОНС ДЭН,Побриться и постричься - всего за два укуса,рассказ,2015,0:39:41,Созвездие Льва,50095810,Ссылка на работу в вКонтакте
КУПРИЯНОВА МАРИЯ,Повелитель Судьбы,рассказ,2008,0:17:07,Тёмные аллеи №03,47402740,Ссылка на работу в вКонтакте
ЧЕРКАШИНА ИРИНА,Под лестницей,рассказ,2010,0:17:51,Тёмные аллеи №15,47402963,Ссылка на работу в вКонтакте
УИЛЬЯМСОН ДЖЕК,Подарок,рассказ,2019,0:18:02,ГЛУБИНА погружение 17,54750696,Ссылка на работу в вКонтакте
ВЛАСЕНКО ЛЕВ,Подарок бури,рассказ,2010,0:32:40,Тёмные аллеи №15,47402963,Ссылка на работу в вКонтакте
МАЛИНОВСКАЯ ЕЛЕНА,Подарок для принцессы,рассказ,2008,0:15:35,Тёмные аллеи №03,47402740,Ссылка на работу в вКонтакте
СЕМЁНОВА ОЛЬГА,Подруги,рассказ,2009,0:03:23,Сказки для больших и маленьких,47392034,Ссылка на работу в вКонтакте
БЛОХ РОБЕРТ,Поезд в ад,рассказ,2019,0:37:19,Созвездие Льва 4,54717929,Ссылка на работу в вКонтакте
ЛУКЬЯНЕНКО СЕРГЕЙ,Поезд в тёплый край,рассказ,2016,0:30:22,Созвездие Льва 2. Всадники апокалипсиса,51326204,Ссылка на работу в вКонтакте
КИНГ СТИВЕН,Поле боя,рассказ,2013,0:23:53,Ночная смена,47401704,Ссылка на работу в вКонтакте
ЛОУКРАФТ Г.Ф.,Ползущий из Слизи,рассказ,,0:00:00,Тёмные аллеи 2.3 Аколиты и Ктулху,49828877,Ссылка на работу в вКонтакте
БАРКЕР КЛАЙВ,Полночный поезд с мясом,рассказ,2011,1:27:19,Тёмные аллеи №17,47403015,Ссылка на работу в вКонтакте
СМИТ МАРШАЛЛ МАЙКЛ,Получать лучше,рассказ,2018,0:21:01,Манускрипты Аркхэма,47405165,Ссылка на работу в вКонтакте
САФРОНОВ ЕВГЕНИЙ,"Помаево – село, которого нет",рассказ,2018,1:34:12,Евгений Сафронов - Рассказы,50296060,Ссылка на работу в вКонтакте
ПЕТРОВИЧЕВА ЛАРИСА,Портрет не-героя,рассказ,2013,0:58:58,,47391952,Ссылка на работу в вКонтакте
ЛАМЛИ БРАЙАН,Порча,рассказ,,0:00:00,Тёмные аллеи 2.3 Аколиты и Ктулху,49828877,Ссылка на работу в вКонтакте
ДОЛГОВА ЕЛЕНА,После Армагеддона,рассказ,2009,0:37:19,Тёмные аллеи №10,47402860,Ссылка на работу в вКонтакте
ДИБРОВА ПАВЕЛ,После дождя,рассказ,2017,0:02:40,Сборник рассказов Лец-тас-ки,47401448,Ссылка на работу в вКонтакте
ВАН ПЕЛТ ДЖЕЙМС,Последние О-Формы,рассказ,2016,0:43:50,Созвездие Льва 2. Всадники апокалипсиса,51326204,Ссылка на работу в вКонтакте
ДИБРОВА ПАВЕЛ,Последний вагон,рассказ,2017,0:07:03,Сборник рассказов Лец-тас-ки,47401448,Ссылка на работу в вКонтакте
АЗИМОВ АЙЗЕК,Последний вопрос,рассказ,2015,0:36:26,Созвездие Льва,50095810,Ссылка на работу в вКонтакте
МАТЕСОН РИЧАРД,Последний день,рассказ,2016,0:44:00,Созвездие Льва 2. Всадники апокалипсиса,51326204,Ссылка на работу в вКонтакте
КАЛИНИНА КИРА,Последний мужчина,рассказ,2009,0:23:22,Тёмные аллеи №11,47402888,Ссылка на работу в вКонтакте
КУЗЕН ФИЛИПП,Последний сеанс,рассказ,2008,0:36:16,,47403580,Ссылка на работу в вКонтакте
КИНГ СТИВЕН,Последняя перекладина,рассказ,2008,0:39:37,Ночная смена,47401704,Ссылка на работу в вКонтакте
САКИ,Посторонние,рассказ,2017,0:16:52,Тёмные аллеи 2.4 Удиви меня!,50155796,Ссылка на работу в вКонтакте
МАТЕСОН РИЧАРД,Посылка (Нажмите кнопку),рассказ,2011,0:17:14,Тёмные аллеи №17,47403015,Ссылка на работу в вКонтакте
ЛАВКРАФТ ГОВАРД Ф.,Потомок,рассказ,2017,0:11:57,Тёмные аллеи 2.2 Ктулху и аколиты,51789137,Ссылка на работу в вКонтакте
ЗОРИН АНДРЕЙ,Поцелуй медузы,рассказ,2017,0:34:57,,47403572,Ссылка на работу в вКонтакте
КОРОБКИНА ЖАННА,Почему гремит гром,рассказ,2009,0:05:35,Сказки для больших и маленьких,47392034,Ссылка на работу в вКонтакте
ГАЛЬЦОВ МИХАИЛ,Почечуй,рассказ,2018,0:11:02,Памяти замечательных людей,49928114,Ссылка на работу в вКонтакте
ПРАТЧЕТТ ТЕРРИ,Правда,роман,2010,15:31:51,,47397334,Ссылка на работу в вКонтакте
МАКНИЛЛ ГРЭМ,Правила боя,рассказ,2019,1:45:26,WARHAMMER 40000,54712986,Ссылка на работу в вКонтакте
ФЕДОТОВ АЛЕКСЕЙ,Правила войны,рассказ,2009,0:20:32,Алексей Федотов - Рассказы,47403549,Ссылка на работу в вКонтакте
СЕДЛОВА ВАЛЕНТИНА,Правила игры,рассказ,2010,0:22:56,Тёмные аллеи №15,47402963,Ссылка на работу в вКонтакте
ЧЕКАЛОВ ДЕНИС,Право решать,рассказ,2009,0:18:18,Тёмные аллеи №10,47402860,Ссылка на работу в вКонтакте
ЭТЧИСОН ДЕННИС,Предел,рассказ,2015,0:28:50,Тёмные аллеи 2.1 Жестокость,50297043,Ссылка на работу в вКонтакте
ГРИГГ ДЭВИД,Предзакатная песнь,рассказ,2016,0:34:32,Созвездие Льва 2. Всадники апокалипсиса,51326204,Ссылка на работу в вКонтакте
ПАРФЕНОВА МАРИЯ,Предчувствие,рассказ,2008,0:19:18,Тёмные аллеи №03,47402740,Ссылка на работу в вКонтакте
ХИДЭЮКИ КИКУТИ,Пресмыкающееся,рассказ,2015,1:13:34,Тёмные аллеи 2.1 Жестокость,50297043,Ссылка на работу в вКонтакте
ДЕСНЕР ХЭЛ,"Преступление, достойное меня",рассказ,2017,0:48:18,Тёмные аллеи 2.4 Удиви меня!,50155796,Ссылка на работу в вКонтакте
ЛИВНЕВА НАТАЛЬЯ,Призвание,рассказ,2009,0:02:26,Сказки для больших и маленьких,47392034,Ссылка на работу в вКонтакте
ХЬЮМАН ДЭМИ,"Призрак, который боялся темноты ",рассказ,2017,0:15:23,Тёмные аллеи №23. Russian edition,49839574,Ссылка на работу в вКонтакте
"РЭЙН ОЛЬГА, ГЕЛПРИН МАЙК",Приманка,рассказ,2017,1:07:49,Тёмные аллеи №23. Russian edition,49839574,Ссылка на работу в вКонтакте
ЛАВКРАФТ ГОВАРД Ф.,Притаившийся ужас,рассказ,2016,1:00:54,Тёмные аллеи 2.2 Ктулху и аколиты,51789137,Ссылка на работу в вКонтакте
АЗИМОВ АЙЗЕК,Приход ночи,рассказ,2017,1:27:18,Созвездие Льва 3. Приход ночи (часть 1),47401419,Ссылка на работу в вКонтакте
МАЦУУРА ХИСАКИ,Причуды жизни,рассказ,2013,0:20:31,Причуды жизни,47392029,Ссылка на работу в вКонтакте
ЭШТОН СМИТ КЛАРК,Пришествие белого червя,рассказ,2016,0:40:36,Пять вечеров 1: В снегах,50793544,Ссылка на работу в вКонтакте
СУДЬБИНИНА АНАСТАСИЯ,Про доброзлого волшебника Васю,рассказ,2009,0:05:00,Сказки для больших и маленьких,47392034,Ссылка на работу в вКонтакте
ВАН ВОГТ АЛЬФРЕД,Пробуждение,рассказ,2019,0:47:44,Созвездие Льва 4,54717929,Ссылка на работу в вКонтакте
МАНСУРОВ ДМИТРИЙ,Программа катастроф на завтра,рассказ,2009,0:27:11,Тёмные аллеи №10,47402860,Ссылка на работу в вКонтакте
НИЛЬСЕН НИЛЬС,Продается планета,рассказ,2010,0:32:34,Тёмные аллеи №14,47402953,Ссылка на работу в вКонтакте
ЯНСИ РИК,Проклятье Вендиго (Ученик монстролога 2),роман,2018,11:11:42,,47391500,Ссылка на работу в вКонтакте
РОМАШИХИН АЛЕКСАНДР,Пролог,рассказ,2010,0:14:29,Южная пристань,47391962,Ссылка на работу в вКонтакте
КИНГ СТИВЕН,Противостояние,роман,2016,52:36:56,,50517869,Ссылка на работу в вКонтакте
КИНГ СТИВЕН,Протока,рассказ,2015,0:57:22,Команда скелетов,49866622,Ссылка на работу в вКонтакте
КАРЯКИН ПЁТР,Прощание славянки,повесть,2015,4:52:41,Пётр Карякин - В окопе нас было двое,49714258,Ссылка на работу в вКонтакте
КАБИР МАКСИМ,Прячься,рассказ,2019,1:20:46,ГЛУБИНА погружение 16,54737042,Ссылка на работу в вКонтакте
ЛОНГ БЕЛНАП ФРЭНК,Псы Тиндала,рассказ,2019,0:45:07,Тёмные аллеи 2.3 Аколиты и Ктулху,49828877,Ссылка на работу в вКонтакте
ДЮ МОРЬЕ ДАФНА,Птицы,рассказ,2011,1:48:22,Тёмные аллеи №17,47403015,Ссылка на работу в вКонтакте
БЕЛОГЛАЗОВ АРТЁМ,Пулемёт Максим,рассказ,2012,0:28:34,Тёмные аллеи №20,47403059,Ссылка на работу в вКонтакте
КИНГ СТИВЕН,Пустите детей (Детки в клетке),рассказ,2009,0:36:21,Тёмные аллеи №08,47402825,Ссылка на работу в вКонтакте
ЗОТОВ ИВАН,Путь домой,рассказ,2010,0:41:18,Южная пристань,47391962,Ссылка на работу в вКонтакте
КИНГ СТИВЕН,Пятая четверть,рассказ,2013,0:43:11,Кинг Стивен - Сборник рассказов,47401746,Ссылка на работу в вКонтакте
ДИБРОВА ПАВЕЛ,Работа,рассказ,2017,0:10:42,Сборник рассказов Лец-тас-ки,47401448,Ссылка на работу в вКонтакте
ХИДЭЮКИ КИКУТИ,Разговор о Москэ,рассказ,2017,0:12:46,Тёмные аллеи 2.4 Удиви меня!,50155796,Ссылка на работу в вКонтакте
АЛЁХИН АРТУР,Разрешите мне больше не убивать,рассказ,2019,0:31:13,,53016370,Ссылка на работу в вКонтакте
МАВЕРИК,Разрисованные крыши,рассказ,2009,0:05:49,Сказки для больших и маленьких,47392034,Ссылка на работу в вКонтакте
РОМАШИХИН АЛЕКСАНДР,Ракушка,рассказ,2010,0:24:58,Южная пристань,47391962,Ссылка на работу в вКонтакте
КОВАЛЬ НИКИТА,Рассказ чтеца,рассказ,2016,1:12:11,Тёмные аллеи №23. Russian edition,49839574,Ссылка на работу в вКонтакте
ДАНИЛЬЧЕНКО ДМИТРИЙ,РЕ4ИТАТИВЪ,стихи,2018,1:02:19,,49963277,Ссылка на работу в вКонтакте
ЛИ ЭДВАРД,Реанимация,рассказ,2015,0:40:13,Тёмные аллеи 2.1 Жестокость,50297043,Ссылка на работу в вКонтакте
СИБРАЙТ АЙДРИС,"Ребёнок, который слышал",рассказ,2018,0:25:17,ГЛУБИНА погружение 04,50021879,Ссылка на работу в вКонтакте
БОЕВКИН ВАЛЕРИЙ,Револьвер,рассказ,2010,0:22:51,Тёмные аллеи №15,47402963,Ссылка на работу в вКонтакте
ВЕЛКОРД АРТЁМ,Реконструкция,рассказ,2009,1:09:02,Велкорд Артём - Рассказы,47403558,Ссылка на работу в вКонтакте
КУЗЬМИНОВ ИЛЬЯ,Рекурсия,рассказ,2009,0:16:06,Тёмные аллеи №06,47402771,Ссылка на работу в вКонтакте
БРЮСОВ ВАЛЕРИЙ,Республика Южного Креста,рассказ,2016,0:52:38,Пять вечеров 1: В снегах,50793544,Ссылка на работу в вКонтакте
ИРВИНГ ВАШИНГТОН,Рип Ван Винкль,рассказ,2019,0:48:25,Созвездие Льва 4,54717929,Ссылка на работу в вКонтакте
РОМАШИХИН АЛЕКСАНДР,Робинзон,рассказ,2008,0:12:59,Тёмные аллеи №06,47402771,Ссылка на работу в вКонтакте
АЙРИШ УИЛЬЯМ,Ровно в 3 часа,рассказ,2017,1:27:16,Адамово яблоко,47401517,Ссылка на работу в вКонтакте
ШАМАНОВ СЕРГЕЙ,Рождественская ёлка,рассказ,2017,0:23:31,,47904090,Ссылка на работу в вКонтакте
ЧЁРНЫЙ САША,Рождественский ангел,рассказ,2017,0:10:14,,47397743,Ссылка на работу в вКонтакте
ЧЕТВИНД-ХЕЙС РОНАЛЬД,Рождество,рассказ,2016,0:27:55,,47397726,Ссылка на работу в вКонтакте
БЕРРОУЗ УИЛЬЯМ,Рождество наркомана,рассказ,2012,0:07:50,Зимняя сказка,47391905,Ссылка на работу в вКонтакте
ПИРС ЭРЛ младший,Рок дома Дарейя,рассказ,2018,0:47:33,Манускрипты Аркхэма,47405165,Ссылка на работу в вКонтакте
ДАРЛЕТ АВГУСТ,Рука славы,рассказ,2018,0:29:36,,47622358,Ссылка на работу в вКонтакте
ДЕРЛЕТ АВГУСТ,Рука славы,рассказ,2018,0:29:36,Манускрипты Аркхэма,47405165,Ссылка на работу в вКонтакте
МОПАССАН ГИ де,Рука трупа,рассказ,2018,0:14:11,Манускрипты Аркхэма,47405165,Ссылка на работу в вКонтакте
ПО ЭДГАР АЛАН,"Рукопись, найденная в бутылке",рассказ,2015,0:32:36,Тёмные аллеи 2.0 Тёмные звёзды,49780142,Ссылка на работу в вКонтакте
ХАРРИС ДЖОАНН,Рыба,рассказ,2015,0:24:49,,47397174,Ссылка на работу в вКонтакте
МАРКУС ОЛЕГ,Рыба гниёт откуда захочет,рассказ,2018,0:26:26,,47622358,Ссылка на работу в вКонтакте
БУЛДАКОВ ОЛЕГ,Рыцарская,рассказ,2015,0:05:48,ОЛЕГ БУЛДАКОВ - Трамвайный лев,50316084,Ссылка на работу в вКонтакте
КОВАЛЬ НИКИТА,Сага о Ронине,рассказ,2017,0:17:36,Никита Коваль - Рассказы,47401436,Ссылка на работу в вКонтакте
ЯСУСИ ИНОУЭ,Сад камней,рассказ,2015,0:27:21,Сад опавших листьев,49982920,Ссылка на работу в вКонтакте
СИНЪИТИ ЮКИ,Сад опавших листьев,рассказ,2015,0:39:02,Сад опавших листьев,49982920,Ссылка на работу в вКонтакте
ХЬЮМАН ДЭМИ,Сад планетарного типа GR-07,рассказ,2017,1:50:27,Дэми Хьюман - Рассказы,47401441,Ссылка на работу в вКонтакте
БУКОВСКИ ЧАРЛЬЗ,Самая красивая женщина в городе,рассказ,2017,0:17:21,Адамово яблоко,47401517,Ссылка на работу в вКонтакте
ПАРФЁНОВА МАРИЯ,Самая лучшая сумка,рассказ,2009,0:02:59,Сказки для больших и маленьких,47392034,Ссылка на работу в вКонтакте
САФРОНОВ ЕВГЕНИЙ,Самозванцы,рассказ,2017,0:54:34,Евгений Сафронов - Рассказы,50296060,Ссылка на работу в вКонтакте
КЛЕЙН ЖЕРАР,Самые уважаемые профессии Земли...,рассказ,2019,0:36:28,Созвездие Льва 4,54717929,Ссылка на работу в вКонтакте
КИНГ СТИВЕН,Свадебный джаз,рассказ,2015,0:37:30,Команда скелетов,49866622,Ссылка на работу в вКонтакте
МУРАКАМИ ХАРУКИ,Светлячок,рассказ,2013,0:51:05,Причуды жизни,47392029,Ссылка на работу в вКонтакте
СЕМИРОЛЬ АННА,Седые травы,рассказ,2012,1:57:48,,47391752,Ссылка на работу в вКонтакте
БРЕННАН ДЖОЗЕФ ПЕЙН,Седьмое заклинание,рассказ,2018,0:19:21,Манускрипты Аркхэма,47405165,Ссылка на работу в вКонтакте
МУРАКАМИ ХАРУКИ,Седьмой,рассказ,2018,0:38:59,Смерть в середине лета,50034017,Ссылка на работу в вКонтакте
КОЛЮЖНЯК ВИКТОР,Сезон дождей,рассказ,2012,0:34:28,Тёмные аллеи №20,47403059,Ссылка на работу в вКонтакте
ГАЛЬЦОВ МИХАИЛ,Сейд,роман,2018,7:14:32,,47401474,Ссылка на работу в вКонтакте
ИГАН ГРЕГ,Сейф,рассказ,2017,0:49:18,Созвездие Льва 3. Приход ночи (часть 1),47401419,Ссылка на работу в вКонтакте
ИВАНОВ ПЁТР,Семь километров пути,рассказ,2009,0:15:18,Тёмные аллеи №09,47402841,Ссылка на работу в вКонтакте
МАСТЕРТОН ГРЭМ,Сепсис,рассказ,2015,0:44:30,Тёмные аллеи 2.1 Жестокость,50297043,Ссылка на работу в вКонтакте
КИНГ СТИВЕН,Серая дрянь,рассказ,2009,0:37:43,Ночная смена,47401704,Ссылка на работу в вКонтакте
МАВЕРИК ДЖОН,Серое небо Йоника,рассказ,2012,0:54:22,Тёмные аллеи №20,47403059,Ссылка на работу в вКонтакте
ДОЛГОВА ЕЛЕНА,Серый ангел ночи,рассказ,2010,0:19:18,Тёмные аллеи №12,47402904,Ссылка на работу в вКонтакте
ДИЯНЧУК НИКОЛАЙ,Сильнее вечности,рассказ,2011,0:20:56,Тёмные аллеи №16,47402994,Ссылка на работу в вКонтакте
ОДОЕВСКИЙ ВЛАДИМИР,Сильфида,рассказ,2018,1:03:49,Пять вечеров 4: Одержимость,50095809,Ссылка на работу в вКонтакте
СЕМЫКИН АЛЕКСАНДР,Синдром Икара,рассказ,2011,0:23:15,Тёмные аллеи №18,47403039,Ссылка на работу в вКонтакте
КОВАЛЬ НИКИТА,Синдром Феникса,рассказ,2017,1:02:03,Никита Коваль - Рассказы,47401436,Ссылка на работу в вКонтакте
МАЛИНОВСКАЯ ЕЛЕНА,Синеглазый василиск,рассказ,2009,0:31:37,Тёмные аллеи №10,47402860,Ссылка на работу в вКонтакте
КИНГ СТИВЕН,Сияние,роман,2013,18:58:10,,47397190,Ссылка на работу в вКонтакте
ЛАВКРАФТ ГОВАРД Ф.,Сияние извне,рассказ,2015,1:13:35,Тёмные аллеи 2.2 Ктулху и аколиты,51789137,Ссылка на работу в вКонтакте
БУЛДАКОВ ОЛЕГ,"Сказка - ложь, да в ней намёк",рассказ,2015,0:01:39,ОЛЕГ БУЛДАКОВ - Трамвайный лев,50316084,Ссылка на работу в вКонтакте
СЕМИРОЛЬ АННА,Сказка для Димки,рассказ,2009,0:02:34,Сказки для больших и маленьких,47392034,Ссылка на работу в вКонтакте
МАЛЫШЕВА СВЕТЛАНА,Сказка на ночь,рассказ,2009,0:07:57,Сказки для больших и маленьких,47392034,Ссылка на работу в вКонтакте
СНЕГОВА СВЕТЛАНА,Сказка о дружбе,рассказ,2009,0:04:24,Сказки для больших и маленьких,47392034,Ссылка на работу в вКонтакте
БРИКЕР МАРИЯ,Сказка о маленькой сиротке,рассказ,2009,0:10:15,Сказки для больших и маленьких,47392034,Ссылка на работу в вКонтакте
ФРЕЙЯ ТАУ,Сказка о чужаке,рассказ,2009,0:07:20,Сказки для больших и маленьких,47392034,Ссылка на работу в вКонтакте
СЕМИРОЛЬ АННА И ОЛЕГ,Сказка о шести хвостишках,рассказ,2009,0:11:46,Тёмные аллеи Новое и неизданное,49672840,Ссылка на работу в вКонтакте
МАЛЫШЕВА СВЕТЛАНА,Сказки про Хвостю,рассказ,2009,0:26:21,Сказки для больших и маленьких,47392034,Ссылка на работу в вКонтакте
СТАРДЖОН ТЕОДОР,Скальпель Оккама,рассказ,2010,0:55:46,Тёмные аллеи №14,47402953,Ссылка на работу в вКонтакте
ГЕЙМАН НИЛ,Скандинавские боги,роман,2018,6:56:21,,49866616,Ссылка на работу в вКонтакте
КОННОЛЛИ ДЖОН,Скачет раковый ковбой,рассказ,2018,2:32:26,Ночные легенды,54438257,Ссылка на работу в вКонтакте
СУЭНВИК МАЙКЛ,Скерцо с тиранозавром,рассказ,2015,0:31:23,Созвездие Льва,50095810,Ссылка на работу в вКонтакте
ЛАВКРАФТ ГОВАРД Ф.,Скиталец тьмы,рассказ,2016,1:23:06,Тёмные аллеи 2.2 Ктулху и аколиты,51789137,Ссылка на работу в вКонтакте
ЛЕНГАР ВАЛЕРИЙ,Склочные точки,рассказ,2009,0:04:26,Сказки для больших и маленьких,47392034,Ссылка на работу в вКонтакте
АКИМОВ МАКСИМ,Славка,рассказ,2009,0:15:38,Новогодние чудеса на аллеях,47392014,Ссылка на работу в вКонтакте
ПЕРОВ ЕВГЕНИЙ,Слово Чести,рассказ,2016,0:56:57,Евгений Перов - Рассказы,49218847,Ссылка на работу в вКонтакте
КРИСТИ АГАТА,Случай совестливой девушки,рассказ,2018,0:25:41,ГЛУБИНА погружение 07,50279330,Ссылка на работу в вКонтакте
ЛАВКРАФТ ГОВАРД Ф.,Случай Чарльза Декстера Варда,роман,2015,6:21:01,,50762355,Ссылка на работу в вКонтакте
ДИБРОВА ПАВЕЛ,Случайность,рассказ,2017,0:13:23,Павел К. Диброва - Рассказы,49714485,Ссылка на работу в вКонтакте
ГАРРИ ГАРРИСОН,Смертные муки пришельца,рассказ,2019,0:46:21,Созвездие Льва 4,54717929,Ссылка на работу в вКонтакте
ЙОРД АЛЕКСАНДРА,Смерть,рассказ,2008,0:16:00,Тёмные аллеи №06,47402771,Ссылка на работу в вКонтакте
МИСИМА ЮКИО,Смерть в середине лета,рассказ,2018,1:42:31,Смерть в середине лета,50034017,Ссылка на работу в вКонтакте
АВЕРЧЕНКО АРКАДИЙ,Смерть девушки у изгороди,рассказ,2015,0:16:59,Адамово яблоко,47401517,Ссылка на работу в вКонтакте
РЭЙ ЖАН,Смерть людоеда,рассказ,2015,0:40:02,Тёмные аллеи 2.0 Тёмные звёзды,49780142,Ссылка на работу в вКонтакте
КИНГ СТИВЕН,Смиренные сёстры Элурии,повесть,2008,3:34:43,,47401772,Ссылка на работу в вКонтакте
БУРЛЕСОН ДОНАЛЬД,Снегопад,рассказ,2016,0:27:29,Пять вечеров 1: В снегах,50793544,Ссылка на работу в вКонтакте
ЛАВКРАФТ ГОВАРД Ф.,Сны в Ведьмином доме,рассказ,2016,2:13:47,Тёмные аллеи 2.2 Ктулху и аколиты,51789137,Ссылка на работу в вКонтакте
ЩЕРБА НАТАЛЬЯ,Собиратель душ,рассказ,2010,0:16:14,Тёмные аллеи №13,47402919,Ссылка на работу в вКонтакте
ПАВЛОВ СЕРГЕЙ,Солнечная Луна,рассказ,2011,0:23:51,Тёмные аллеи №16,47402994,Ссылка на работу в вКонтакте
РЫБНИКОВА МАРИНА,Солнечный зайчик,рассказ,2012,0:45:35,Тёмные аллеи №21,47403076,Ссылка на работу в вКонтакте
ЭЙЗЕНШТЕЙН ФИЛЛИС,Солнечный камень,рассказ,2017,1:19:48,Созвездие Льва 3. Приход ночи (часть 2),49963352,Ссылка на работу в вКонтакте
ЛАВКРАФТ ГОВАРД Ф.,Сон (Преступный священник),рассказ,2017,0:11:41,Тёмные аллеи 2.2 Ктулху и аколиты,51789137,Ссылка на работу в вКонтакте
БАРКЕР КЛАЙВ,Сотканный мир,роман,2019,,,54752153,Ссылка на работу в вКонтакте
БУЛДАКОВ ОЛЕГ,Союз зверей,рассказ,2015,0:01:59,ОЛЕГ БУЛДАКОВ - Трамвайный лев,50316084,Ссылка на работу в вКонтакте
РЕЙНОЛЬДС АЛАСТЕР,Спячка,рассказ,2016,1:57:27,Созвездие Льва 2. Всадники апокалипсиса,51326204,Ссылка на работу в вКонтакте
КАВАБАТА ЯСУНАРИ,Спящие красавицы,роман,2019,3:06:49,,54753508,Ссылка на работу в вКонтакте
ДАШУК АЛЁНА,Срамной колодец,рассказ,2010,0:41:17,Тёмные аллеи №15,47402963,Ссылка на работу в вКонтакте
ТЕНН УИЛЬЯМ,Срок авансом,рассказ,2019,1:15:39,Созвездие Льва 4,54717929,Ссылка на работу в вКонтакте
СИТНИКОВ ИВАН,Стальное сердце героя,рассказ,2008,0:10:50,Тёмные аллеи №05,47402761,Ссылка на работу в вКонтакте
ПУСТОШИЛО ДМИТРИЙ,Старик,рассказ,2017,0:08:48,,54705931,Ссылка на работу в вКонтакте
МАЛИЦКИЙ СЕРГЕЙ,Старьёвщик,рассказ,2008,0:09:54,Тёмные аллеи №01,47402705,Ссылка на работу в вКонтакте
ЖУКОВА ВИКТОРИЯ,Статуя,рассказ,2009,0:04:37,Сказки для больших и маленьких,47392034,Ссылка на работу в вКонтакте
ПРИВЕЗЕНЦЕВА ЕВГЕНИЯ,Стеклодув,рассказ,2010,0:27:39,Южная пристань,47391962,Ссылка на работу в вКонтакте
КИНГ СТИВЕН,Стеклянный пол,рассказ,2013,0:20:07,Кинг Стивен - Сборник рассказов,47401746,Ссылка на работу в вКонтакте
СИММОНС ДЭН,Стикс течёт вспять,рассказ,2015,0:31:23,Созвездие Льва,50095810,Ссылка на работу в вКонтакте
ГРЕГ ГРИГОРИЙ,Стихи,стихи,2014,0:03:26,,48835069,Ссылка на работу в вКонтакте
ДАНИЛЬЧЕНКО ДМИТРИЙ,Стихи,стихи,2015,1:30:02,Дмитрий Данильченко - Стихи,50518408,Ссылка на работу в вКонтакте
САНДЕРСОН БРЕНДОН,Стоп-кадр,повесть,2018,2:48:15,,49982993,Ссылка на работу в вКонтакте
ХИЛЛ ДЖО,Страна рождества,роман,2019,,,54705930,Ссылка на работу в вКонтакте
ДОЛГОВА ЕЛЕНА,Странное везение Лу,рассказ,2008,0:28:12,Тёмные аллеи №04,47402754,Ссылка на работу в вКонтакте
ПЕКЕРСКИЙ АЛЕКСАНДР,Стратагема ВВП,рассказ,2013,0:18:58,На задворках галактики,47458093,Ссылка на работу в вКонтакте
ДИБРОВА ПАВЕЛ,Страх,рассказ,2017,0:03:01,Сборник рассказов Лец-тас-ки,47401448,Ссылка на работу в вКонтакте
БЕСТУЖЕВ-МАРЛИНСКИЙ АЛЕКСАНДР,Страшное гаданье,рассказ,2016,1:22:55,Пять вечеров 1: В снегах,50793544,Ссылка на работу в вКонтакте
ХОТАЛА РИК,Стук,рассказ,2008,0:28:52,Тёмные аллеи №01,47402705,Ссылка на работу в вКонтакте
ШАМАНОВ СЕРГЕЙ,Стучащий,рассказ,2012,0:46:01,Тёмные аллеи №20,47403059,Ссылка на работу в вКонтакте
ПАВЛОВ АЛЕКСАНДР,Существовать не значит жить,сериал,2017,0:21:05,Александр Павлов - Рассказы,47403531,Ссылка на работу в вКонтакте
СУ ЁН КИМ,Счастливого Нового года,рассказ,2018,0:37:10,ГЛУБИНА погружение новогоднее,53016371,Ссылка на работу в вКонтакте
КИНГ СТИВЕН,Счастливый брак,повесть,2015,3:25:48,,49277490,Ссылка на работу в вКонтакте
АКУТАГАВА РЮНОСКЭ,Счастье,рассказ,2018,0:20:45,Смерть в середине лета,50034017,Ссылка на работу в вКонтакте
ДИБРОВА ПАВЕЛ,Счастье,рассказ,2017,0:15:52,Сборник рассказов Лец-тас-ки,47401448,Ссылка на работу в вКонтакте
СИТНИКОВ ИВАН,Сыграем свадебку?,рассказ,2009,0:20:35,Тёмные аллеи №10,47402860,Ссылка на работу в вКонтакте
БАРКЕР КЛАЙВ,Сын целлулоида,рассказ,2015,1:40:13,Тёмные аллеи 2.0 Тёмные звёзды,49780142,Ссылка на работу в вКонтакте
БЕНФОРД ГРЕГОРИ,Тайное знание,рассказ,2017,0:36:25,Созвездие Льва 3. Приход ночи (часть 2),49963352,Ссылка на работу в вКонтакте
ИМАКАЕВ ВЛАДИМИР,Тайны прошлого,роман,2011,16:50:06,,47391858,Ссылка на работу в вКонтакте
ЕГОРОВА НАТАЛЬЯ,Талисманчик,рассказ,2008,0:33:49,Тёмные аллеи №04,47402754,Ссылка на работу в вКонтакте
КЭМПБЕЛЛ РЭМСИ,Там,рассказ,2015,0:37:10,Тёмные аллеи 2.1 Жестокость,50297043,Ссылка на работу в вКонтакте
СЕДЛОВА ВАЛЕНТИНА,"Там, где несёт свои воды Висла",рассказ,2009,0:19:20,Тёмные аллеи №10,47402860,Ссылка на работу в вКонтакте
БУЦЦАТИ ДИНО,Татарская пустыня,роман,2016,7:22:23,,51645166,Ссылка на работу в вКонтакте
ГОВАРД РОБЕРТ,Тварь на крыше,рассказ,2014,0:25:44,Говард Роберт - Сборник рассказов,49155802,Ссылка на работу в вКонтакте
ЛАВКРАФТ ГОВАРД Ф.,Тварь на пороге,рассказ,2016,1:25:34,Тёмные аллеи 2.2 Ктулху и аколиты,51789137,Ссылка на работу в вКонтакте
БОЛДЫРЕВА НАТАЛЬЯ,Творец,рассказ,2009,0:04:04,Сказки для больших и маленьких,47392034,Ссылка на работу в вКонтакте
ДОЛИНГО БОРИС,Творец Апокалипсиса,рассказ,2009,0:39:27,Тёмные аллеи №11,47402888,Ссылка на работу в вКонтакте
КИНГ СТИВЕН,Тёмная башня 2. Извлечение троих,роман,2011,15:23:48,,47458351,Ссылка на работу в вКонтакте
КИНГ СТИВЕН,Тёмная башня 3. Бесплодные земли,роман,2011,20:54:17,,47458352,Ссылка на работу в вКонтакте
КИНГ СТИВЕН,"Тёмная башня 4,5. Ветер сквозь замочную скважину",роман,2014,10:36:19,,49657327,Ссылка на работу в вКонтакте
КИНГ СТИВЕН,Тёмная башня 4. Колдун и кристалл,роман,2013,27:16:32,,47458353,Ссылка на работу в вКонтакте
КИНГ СТИВЕН,Тёмная башня 5. Волки Кальи,роман,2016,28:57:59,,51791789,Ссылка на работу в вКонтакте
КИНГ СТИВЕН,Тёмная башня 6. Песнь Сюзанны,роман,2017,15:50:17,,47391877,Ссылка на работу в вКонтакте
КУЗЬМИН ПАВЕЛ СВЯТОСЛАВ,Темница (Дневник писателя),рассказ,2008,0:12:43,Тёмные аллеи №04,47402754,Ссылка на работу в вКонтакте
ЖАРКОВ АЛЕКСАНДР,Темнота,рассказ,2008,0:42:36,Тёмные аллеи №02,47402729,Ссылка на работу в вКонтакте
ГОВАРД РОБЕРТ,Тенедержцы,стихи,2016,0:01:40,РОБЕРТ ГОВАРД - Стихи,47397835,Ссылка на работу в вКонтакте
КОРОТИЧ МИЛА,Терракотовые сёстры,фрагмент,2013,0:14:32,Проект Миры фрагменты к книгам,47391984,Ссылка на работу в вКонтакте
АЛЁХИН АРТУР,"Территория абсурда, или Не ходите дети в армию гулять",рассказ,2019,2:09:43,,53016370,Ссылка на работу в вКонтакте
АЛЁХИН АРТУР,"Тише, пожалуйста!",рассказ,2019,0:21:41,,53016370,Ссылка на работу в вКонтакте
МУРАКАМИ ХАРУКИ,Тони Такия,рассказ,2018,0:40:53,Смерть в середине лета,50034017,Ссылка на работу в вКонтакте
ШЭПОТ ТИМ и ПЕТРОВА МАРИНА,Тоннели,рассказ,2015,0:19:19,Тим Шэпот - Рассказы,49940392,Ссылка на работу в вКонтакте
КИНГ СТИВЕН,"Тот,кто хочет выжить",рассказ,2009,1:00:48,Команда скелетов,49866622,Ссылка на работу в вКонтакте
СЫРЦОВА АННА,Точка отсчёта,рассказ,2009,0:24:04,Тёмные аллеи №11,47402888,Ссылка на работу в вКонтакте
БУЛДАКОВ ОЛЕГ,Трамвайный лев,рассказ,2015,0:05:17,ОЛЕГ БУЛДАКОВ - Трамвайный лев,50316084,Ссылка на работу в вКонтакте
"БЕЙЛИ ДЕЙЛ, БЭЛЛИНГРУД НАТАН",Трещина,рассказ,,0:00:00,Тёмные аллеи 2.3 Аколиты и Ктулху,49828877,Ссылка на работу в вКонтакте
МЕРРИТ АБРАХАМ,Три строчки на старофранцузском,рассказ,2019,0:52:36,Созвездие Льва 4,54717929,Ссылка на работу в вКонтакте
УИЛЬЯМС ТЭД,Трон из костей дракона,роман,2018,33:37:03,,47401546,Ссылка на работу в вКонтакте
СЫРЦОВА АННА,Трубы архангелов,рассказ,2010,0:28:27,Тёмные аллеи №15,47402963,Ссылка на работу в вКонтакте
КИНГ СТИВЕН,Труп (Тело),роман,2012,6:20:40,,47397263,Ссылка на работу в вКонтакте
КИНГ СТИВЕН,Туман,повесть,2014,5:40:18,Команда скелетов,49866622,Ссылка на работу в вКонтакте
ХУБЕРАТ МАРЕК,Ты вейнулся Снеогг я знаала…,рассказ,2017,1:21:48,Созвездие Льва 3. Приход ночи (часть 1),47401419,Ссылка на работу в вКонтакте
ДЖЕЙМС М.Р.,"Ты свистни, - тебя не заставлю я ждать...",рассказ,2016,0:49:44,Пять вечеров 2: Призраки,51939372,Ссылка на работу в вКонтакте
ХАБИБУЛИН ЮРИЙ,Тысс,рассказ,2011,0:32:16,Тёмные аллеи №16,47402994,Ссылка на работу в вКонтакте
БИГГЛ-мл ЛЛОЙД,У железной няньки,рассказ,2019,0:47:04,Созвездие Льва 4,54717929,Ссылка на работу в вКонтакте
ЭЛЛИСОН ХАРЛАН,"У меня нет рта, а я хочу кричать",рассказ,2015,0:44:08,Созвездие Льва,50095810,Ссылка на работу в вКонтакте
МЕЛЬНИК АЛЕКСЕЙ,У могилы Стивена Кинга,рассказ,2012,0:32:04,Тёмные аллеи №21,47403076,Ссылка на работу в вКонтакте
ДЬЯКОВ СЕРГЕЙ,У разбитого корыта,рассказ,2010,0:17:06,Тёмные аллеи №12,47402904,Ссылка на работу в вКонтакте
КИНГ СТИВЕН,Убийца,рассказ,2009,0:05:16,Тёмные аллеи №08,47402825,Ссылка на работу в вКонтакте
АЙРИШ УИЛЬЯМ,Убийца поневоле,рассказ,2017,1:25:16,Адамово яблоко,47401517,Ссылка на работу в вКонтакте
АЛЁХИН АРТУР,Удивительная история,рассказ,2019,0:21:52,,53016370,Ссылка на работу в вКонтакте
ХАСС ГЕНРИ,Ужас Векры,рассказ,2018,1:14:05,Манускрипты Аркхэма,47405165,Ссылка на работу в вКонтакте
ЛАВКРАФТ ГОВАРД Ф.,Ужас Данвича,рассказ,2016,2:32:17,Тёмные аллеи 2.2 Ктулху и аколиты,51789137,Ссылка на работу в вКонтакте
ГОВАРД РОБЕРТ,Ужас из кургана,рассказ,2014,0:52:47,Говард Роберт - Сборник рассказов,49155802,Ссылка на работу в вКонтакте
АЛЁХИН АРТУР,Ужас на пороге,рассказ,2019,0:44:04,,53016370,Ссылка на работу в вКонтакте
КОЖИН ОЛЕГ,Узкая колея нашего детства,рассказ,2017,0:52:47,Тёмные аллеи №23. Russian edition,49839574,Ссылка на работу в вКонтакте
БРЭДБЕРИ РЭЙ,Улыбка,рассказ,2016,0:14:01,Созвездие Льва 2. Всадники апокалипсиса,51326204,Ссылка на работу в вКонтакте
БАЛТИЙСКАЯ ИННА,Улыбка в зеркале,рассказ,2009,0:17:03,Тёмные аллеи №10,47402860,Ссылка на работу в вКонтакте
ДИБРОВА ПАВЕЛ,Урок,рассказ,2017,0:06:31,Павел К. Диброва - Рассказы,49714485,Ссылка на работу в вКонтакте
ТЕПЛЯКОВ АНДРЕЙ,Уснуть и видеть сны,рассказ,2010,0:17:15,Тёмные аллеи №13,47402919,Ссылка на работу в вКонтакте
сборник,Утренние страницы,разное,2017,2:52:35,Утренние страницы (весна 17),47401571,Ссылка на работу в вКонтакте
сборник,Утренние страницы,разное,2018,2:31:36,Утренние страницы (зима 17-18),49866593,Ссылка на работу в вКонтакте
сборник,Утренние страницы,разное,2017,3:13:05,Утренние страницы (осень 17),50644465,Ссылка на работу в вКонтакте
ДИДЬЕЛОРАН ЖАН-ПОЛЬ,Утренний чтец,роман,2017,3:52:07,,47401453,Ссылка на работу в вКонтакте
КИНГ СТИВЕН,Утренняя доставка (Молочник №1),рассказ,2014,0:14:17,Команда скелетов,49866622,Ссылка на работу в вКонтакте
ЯНСИ РИК,Ученик монстролога (Ученик монстролога 1),роман,2017,12:23:51,,47402658,Ссылка на работу в вКонтакте
БЛОХ РОБЕРТ,Ученик чародея,рассказ,2008,0:33:29,Тёмные аллеи №05,47402761,Ссылка на работу в вКонтакте
МЬЕВИЛЬ ЧАЙНА,Фамильяр,рассказ,2017,0:46:21,Пять вечеров 3: Магия,47401805,Ссылка на работу в вКонтакте
НОЧКИН ВИКТОР,Фейрин и золото,рассказ,2009,0:21:38,Тёмные аллеи №07,47402805,Ссылка на работу в вКонтакте
ПОЛ ФРЕДЕРИК,Ферми и стужа,рассказ,2016,0:48:29,Созвездие Льва 2. Всадники апокалипсиса,51326204,Ссылка на работу в вКонтакте
ДЬЯЧЕНКО НИНА,Фигурка твоей судьбы,рассказ,2010,0:18:05,Южная пристань,47391962,Ссылка на работу в вКонтакте
ФЕДОТОВ АЛЕКСЕЙ,Финальные строчки,рассказ,2008,0:07:47,Тёмные аллеи №03,47402740,Ссылка на работу в вКонтакте
СИММОНС ДЭН,Фотография класса за этот год,рассказ,2018,1:08:24,Манускрипты Аркхэма,47405165,Ссылка на работу в вКонтакте
КВАШНИН ДМИТРИЙ,Фредерик,рассказ,2015,0:31:06,Тёмные аллеи 2.1 Жестокость,50297043,Ссылка на работу в вКонтакте
БРАУН ФРЕДЕРИК,Хобби,рассказ,2017,0:05:24,Адамово яблоко,47401517,Ссылка на работу в вКонтакте
ДАЛЬ РОАЛЬД,Хозяйка пансиона,рассказ,2015,0:21:57,Тёмные аллеи 2.1 Жестокость,50297043,Ссылка на работу в вКонтакте
ЛАВКРАФТ ГОВАРД Ф.,Холод (Холодный воздух),рассказ,2011,0:31:15,Тёмные аллеи №17,47403015,Ссылка на работу в вКонтакте
МАЛЫШЕВА СВЕТЛАНА,Хохот,рассказ,2010,0:08:58,Тёмные аллеи №13,47402919,Ссылка на работу в вКонтакте
УДОВИЧЕНКО ДИАНА,Хранитель для Марфы,рассказ,2010,0:39:45,Южная пристань,47391962,Ссылка на работу в вКонтакте
ДОЛИНГО БОРИС,Хранитель Земли,рассказ,2009,0:40:18,Тёмные аллеи №11,47402888,Ссылка на работу в вКонтакте
ЩЕРБА НАТАЛЬЯ,Худеть за других,рассказ,2012,0:21:32,Тёмные аллеи №20,47403059,Ссылка на работу в вКонтакте
СОЛОГУБ ФЁДОР,Царица поцелуев,рассказ,2018,0:19:24,Пять вечеров 4: Одержимость,50095809,Ссылка на работу в вКонтакте
ШЕКЛИ РОБЕРТ,Царская воля,рассказ,2018,0:29:27,ГЛУБИНА погружение 01,49889197,Ссылка на работу в вКонтакте
ДЖЕТ ЭРИ,Цвет феи,рассказ,2010,0:32:52,Тёмные аллеи №12,47402904,Ссылка на работу в вКонтакте
АНДРЕЕВА ЮЛИЯ,Цветочная весть,рассказ,2009,0:02:31,Сказки для больших и маленьких,47392034,Ссылка на работу в вКонтакте
МИХАЙЛОВ ВАЛЕРИЙ,Цветущая долина,рассказ,2009,0:03:24,Сказки для больших и маленьких,47392034,Ссылка на работу в вКонтакте
МАКЬЮЭН ИЭН,Цементный сад,роман,2012,4:56:12,,47391936,Ссылка на работу в вКонтакте
ПОДОЛЬСКИЙ АЛЕКСАНДР,Цена одного чуда,рассказ,2009,0:18:18,Тёмные аллеи №09,47402841,Ссылка на работу в вКонтакте
ЦУЦУИ ЯСУТАКА,Цивилизация напоказ,рассказ,2018,0:32:13,Смерть в середине лета,50034017,Ссылка на работу в вКонтакте
КАРЕЛИН АЛЕКСЕЙ,Цифровая трясина,рассказ,2011,0:13:11,Тёмные аллеи №19,47403053,Ссылка на работу в вКонтакте
КОВАЛЬ НИКИТА,Чай и Вода,рассказ,2017,1:22:52,Никита Коваль - Рассказы,47401436,Ссылка на работу в вКонтакте
КЛАРК АРТУР,Часовой,рассказ,2015,0:22:18,Созвездие Льва,50095810,Ссылка на работу в вКонтакте
БУЛДАКОВ ОЛЕГ,Часовой механизм,рассказ,2015,0:03:04,ОЛЕГ БУЛДАКОВ - Трамвайный лев,50316084,Ссылка на работу в вКонтакте
БРАУН ЭРИК,Часовые «Феникса»,рассказ,2016,1:35:15,Созвездие Льва 2. Всадники апокалипсиса,51326204,Ссылка на работу в вКонтакте
ВАН ВОГТ АЛЬФРЕД,Часы времени,рассказ,2019,0:38:31,Созвездие Льва 4,54717929,Ссылка на работу в вКонтакте
ДИБРОВА ПАВЕЛ,Человек,рассказ,2017,0:05:14,Сборник рассказов Лец-тас-ки,47401448,Ссылка на работу в вКонтакте
КРАПИВКО КОНСТАНТИН,Человек,рассказ,2008,0:13:07,Тёмные аллеи №04,47402754,Ссылка на работу в вКонтакте
ЭДОГАВА РАМПО,Человек-кресло,рассказ,2015,0:36:00,Сад опавших листьев,49982920,Ссылка на работу в вКонтакте
КИНГ СТИВЕН,"Человек, который не пожимал рук",рассказ,2015,0:56:26,Команда скелетов,49866622,Ссылка на работу в вКонтакте
САКС ОЛИВЕР,"Человек, который принял жену за шляпу",рассказ,2017,0:27:54,,47397719,Ссылка на работу в вКонтакте
УОДЕЛЛ МАРТИН,Человеческая кожа,рассказ,2015,0:22:00,Тёмные аллеи 2.1 Жестокость,50297043,Ссылка на работу в вКонтакте
КАБИР МАКСИМ,Черви,рассказ,2016,0:22:45,Пять вечеров 2: Призраки,51939372,Ссылка на работу в вКонтакте
ГОВАРД РОБЕРТ,Черви земли,рассказ,2014,1:43:18,Говард Роберт - Сборник рассказов,49155802,Ссылка на работу в вКонтакте
САЙМАК КЛИФФОРД,"Через речку, через лес",рассказ,2018,0:20:41,ГЛУБИНА погружение 05,50056654,Ссылка на работу в вКонтакте
ГОВАРД РОБЕРТ,Черепа среди звёзд,рассказ,2016,0:35:27,Пять вечеров 2: Призраки,51939372,Ссылка на работу в вКонтакте
ШОЛОХОВ АЛЕКСЕЙ,Черная королева,рассказ,2012,0:28:10,Тёмные аллеи №21,47403076,Ссылка на работу в вКонтакте
ВИКМАН ЕЛЕНА,Черная рыбачка,рассказ,2008,0:14:02,Тёмные аллеи №05,47402761,Ссылка на работу в вКонтакте
ЭЛЛИСОН ХАРЛАН и СТАРДЖОН ТЕОДОР,Чернокнижник Смит,рассказ,2016,0:44:59,Созвездие Льва 2. Всадники апокалипсиса,51326204,Ссылка на работу в вКонтакте
КРЕЙНИНА БЭЛЛА,Чёрный ангел,рассказ,2008,0:20:26,Тёмные аллеи №06,47402771,Ссылка на работу в вКонтакте
КИГИМ ТАТЬЯНА,Чёрный гробовщик,рассказ,2012,0:36:00,Тёмные аллеи №21,47403076,Ссылка на работу в вКонтакте
ГОВАРД РОБЕРТ,Чёрный камень,рассказ,2014,0:53:04,Говард Роберт - Сборник рассказов,49155802,Ссылка на работу в вКонтакте
ГОВАРД РОБЕРТ,Чёрный Канаан,рассказ,2014,1:27:41,Говард Роберт - Сборник рассказов,49155802,Ссылка на работу в вКонтакте
ПО ЭДГАР АЛАН,Чёрный кот,рассказ,2008,0:23:01,Тёмные аллеи №01,47402705,Ссылка на работу в вКонтакте
ШАПОШНИКОВ ИГОРЬ,Четыре щелчка,рассказ,2008,0:31:40,Тёмные аллеи №06,47402771,Ссылка на работу в вКонтакте
УСТИЧ МАРИЯ,Четыреста метров,рассказ,2008,0:14:15,Тёмные аллеи №06,47402771,Ссылка на работу в вКонтакте
БИРС АМБРОЗ,Чикамога,рассказ,2015,0:20:41,Тёмные аллеи 2.0 Тёмные звёзды,49780142,Ссылка на работу в вКонтакте
ВОЛКОВ СЕРГЕЙ,Чингисхан-2. Чужие земли,роман,2013,8:03:29,,47392033,Ссылка на работу в вКонтакте
АНДЕРСОН АЛЕКСАНДР,Чистое озеро,рассказ,2010,0:39:22,Тёмные аллеи №15,47402963,Ссылка на работу в вКонтакте
ПОГУЛЯЙ ЮРИЙ,Что сказали её глаза?,рассказ,2010,0:18:29,Тёмные аллеи №15,47402963,Ссылка на работу в вКонтакте
КРЫМОВ ОЛЕГ,Чтобы убить...,рассказ,2008,0:27:43,Тёмные аллеи №01,47402705,Ссылка на работу в вКонтакте
КАДЗИИ МОТОДЗИРО,Чувство на вершине,рассказ,2015,0:31:11,Сад опавших листьев,49982920,Ссылка на работу в вКонтакте
КИНГ СТИВЕН,Чужими глазами (Я - дверь!),рассказ,2009,0:33:54,Ночная смена,47401704,Ссылка на работу в вКонтакте
БУЛДАКОВ ОЛЕГ,Шалун из Шишкиного леса,повесть,2009,1:43:50,Истории про Мишастика,47392020,Ссылка на работу в вКонтакте
ЛАВКРАФТ ГОВАРД Ф.,Шёпот во мраке,рассказ,2016,3:24:43,Тёмные аллеи 2.2 Ктулху и аколиты,51789137,Ссылка на работу в вКонтакте
ЦУРКАН ВАЛЕРИЙ,Шесть,рассказ,2009,0:22:27,Тёмные аллеи №09,47402841,Ссылка на работу в вКонтакте
ГАЛЬЦОВ МИХАИЛ,Шесть смертей в одном,рассказ,2018,0:05:56,Памяти замечательных людей,49928114,Ссылка на работу в вКонтакте
КЭМПБЕЛЛ РЭМСИ,Шутка,рассказ,2018,0:45:40,ГЛУБИНА погружение 10,54336510,Ссылка на работу в вКонтакте
ЛЕНСКАЯ МАРГАРИТА,Шутка богов,рассказ,2011,0:26:12,Тёмные аллеи №16,47402994,Ссылка на работу в вКонтакте
СИНЪИТИ ХОСИ,"Эй, выходи!",рассказ,2015,0:10:17,Сад опавших листьев,49982920,Ссылка на работу в вКонтакте
КОВАЛЬ-СУХОРУКОВА ЛАРИСА И ДУРОВ АЛЕКСЕЙ,Эпидемия,рассказ,2010,1:14:41,Южная пристань,47391962,Ссылка на работу в вКонтакте
ШЕКЛИ РОБЕРТ,Эрикс,рассказ,2016,1:03:33,Созвездие Льва 2. Всадники апокалипсиса,51326204,Ссылка на работу в вКонтакте
ПАЛАНИК ЧАК,Эскорт,рассказ,2017,0:11:19,Адамово яблоко,47401517,Ссылка на работу в вКонтакте
АНДЕРСОН ПОЛ,Этап,рассказ,2019,0:21:04,Созвездие Льва 4,54717929,Ссылка на работу в вКонтакте
ПОПОВА АННА,Этот чудесный мир,рассказ,2009,0:17:56,Тёмные аллеи №11,47402888,Ссылка на работу в вКонтакте
ЯСИНСКАЯ МАРИНА,Эффект морской раковины,рассказ,2011,0:19:33,Тёмные аллеи №18,47403039,Ссылка на работу в вКонтакте
КОВАЛЬ НИКИТА,Эхо,рассказ,2016,1:01:47,Тёмные аллеи №23. Russian edition,49839574,Ссылка на работу в вКонтакте
МИТЧЕЛЛ СЭНДИ,Эхо гробницы,рассказ,2019,1:01:48,WARHAMMER 40000,54712986,Ссылка на работу в вКонтакте
ШОРИН ДЭН,Юзабилити,рассказ,2011,0:40:33,Тёмные аллеи №16,47402994,Ссылка на работу в вКонтакте
МАТЕСОН РИЧАРД,Я - легенда,роман,2016,6:26:04,,52081556,Ссылка на работу в вКонтакте
КИНГ СТИВЕН,Я был подростком грабившим могилы,рассказ,2013,0:41:21,Кинг Стивен - Сборник рассказов,47401746,Ссылка на работу в вКонтакте
АЛЁХИН АРТУР,Я запомню,рассказ,2019,0:25:15,,53016370,Ссылка на работу в вКонтакте
КИНГ СТИВЕН,Я знаю чего ты хочешь,рассказ,2014,0:54:24,Ночная смена,47401704,Ссылка на работу в вКонтакте
МАВЕРИК ДЖОН,Я и мои злые гномики,рассказ,2010,0:25:03,Тёмные аллеи №15,47402963,Ссылка на работу в вКонтакте
ЦУРКАН ВАЛЕРИЙ,Я иду по улице в зелёном пиджаке,рассказ,2011,0:15:05,Тёмные аллеи №19,47403053,Ссылка на работу в вКонтакте
УИЛЬЯМС ТЭД,Явившийся в пламени,повесть,2017,2:01:41,,47401857,Ссылка на работу в вКонтакте
КОППЕР БЭЗИЛ,Янычары из Эмильона,рассказ,2015,0:57:23,Тёмные аллеи 2.1 Жестокость,50297043,Ссылка на работу в вКонтакте
ЭЛЛИСОН ХАРЛАН,Ясноглазый,рассказ,2016,0:41:26,Созвездие Льва 2. Всадники апокалипсиса,51326204,Ссылка на работу в вКонтакте
КИНГ СТИВЕН,Ящик,рассказ,2018,1:25:40,Манускрипты Аркхэма,47405165,Ссылка на работу в вКонтакте
КИНГ СТИВЕН,Ящик,рассказ,2018,1:25:40,,48008893,Ссылка на работу в вКонтакте
ПАЛАНИК ЧАК,Ящик с кошмарами,рассказ,2014,0:30:33,Тёмные аллеи Новое и неизданное,49672840,Ссылка на работу в вКонтакте
УДОВИЧЕНКО МАКСИМ,Alchemia,рассказ,2010,0:36:46,Южная пристань,47391962,Ссылка на работу в вКонтакте
ПАРФЕНОВА МАРИЯ,Homo Homini…,рассказ,2008,0:30:32,Тёмные аллеи №05,47402761,Ссылка на работу в вКонтакте
ИМАКАЕВ ВЛАДИМИР,Infimus Supplicium,рассказ,2010,0:30:45,Тёмные аллеи №15,47402963,Ссылка на работу в вКонтакте
КОРТАСАР ХУЛИО,Puzzle,рассказ,2017,0:15:48,Тёмные аллеи 2.4 Удиви меня!,50155796,Ссылка на работу в вКонтакте